case_id,T_K,t_sec,t_hour,mu,mu_approx,N_N,F_N,target_N,pass_target
1,223.15,0.0,0.0,0.5,0.4962,4000.0,2000.0,1000.0,1
2,223.15,2979.0,0.83,0.5,0.4275,4000.0,2000.0,1000.0,1
3,223.15,5959.0,1.66,0.5,0.3684,4000.0,2000.0,1000.0,1
4,223.15,8938.0,2.48,0.5,0.3174,4000.0,2000.0,1000.0,1
5,223.15,11917.0,3.31,0.5,0.2735,4000.0,2000.0,1000.0,1
6,223.15,14897.0,4.14,0.5,0.2356,4000.0,2000.0,1000.0,1
7,223.15,17876.0,4.97,0.5,0.203,4000.0,2000.0,1000.0,1
8,223.15,20855.0,5.79,0.5,0.1749,4000.0,2000.0,1000.0,1
9,223.15,23834.0,6.62,0.5,0.1507,4000.0,2000.0,1000.0,1
10,223.15,26814.0,7.45,0.5,0.1298,4000.0,2000.0,1000.0,1
11,223.15,29793.0,8.28,0.5,0.1119,4000.0,2000.0,1000.0,1
12,223.15,32772.0,9.1,0.5,0.0964,4000.0,2000.0,1000.0,1
13,223.15,35752.0,9.93,0.5,0.083,4000.0,2000.0,1000.0,1
14,223.15,38731.0,10.76,0.5,0.0716,4000.0,2000.0,1000.0,1
15,223.15,41710.0,11.59,0.5,0.0617,4000.0,2000.0,1000.0,1
16,223.15,44690.0,12.41,0.5,0.0531,4000.0,2000.0,1000.0,1
17,223.15,47669.0,13.24,0.5,0.05,4000.0,2000.0,1000.0,1
18,223.15,50648.0,14.07,0.5,0.05,4000.0,2000.0,1000.0,1
19,223.15,53628.0,14.9,0.5,0.05,4000.0,2000.0,1000.0,1
20,223.15,56607.0,15.72,0.5,0.05,4000.0,2000.0,1000.0,1
21,223.15,59586.0,16.55,0.5,0.05,4000.0,2000.0,1000.0,1
22,223.15,62566.0,17.38,0.5,0.05,4000.0,2000.0,1000.0,1
23,223.15,65545.0,18.21,0.5,0.05,4000.0,2000.0,1000.0,1
24,223.15,68524.0,19.03,0.5,0.05,4000.0,2000.0,1000.0,1
25,223.15,71503.0,19.86,0.5,0.05,4000.0,2000.0,1000.0,1
26,223.15,74483.0,20.69,0.5,0.05,4000.0,2000.0,1000.0,1
27,223.15,77462.0,21.52,0.5,0.05,4000.0,2000.0,1000.0,1
28,223.15,80441.0,22.34,0.5,0.05,4000.0,2000.0,1000.0,1
29,223.15,83421.0,23.17,0.5,0.05,4000.0,2000.0,1000.0,1
30,223.15,86400.0,24.0,0.5,0.05,4000.0,2000.0,1000.0,1
31,224.87,0.0,0.0,0.5,0.4964,4000.0,2000.0,1000.0,1
32,224.87,2979.0,0.83,0.5,0.4277,4000.0,2000.0,1000.0,1
33,224.87,5959.0,1.66,0.5,0.3685,4000.0,2000.0,1000.0,1
34,224.87,8938.0,2.48,0.5,0.3175,4000.0,2000.0,1000.0,1
35,224.87,11917.0,3.31,0.5,0.2735,4000.0,2000.0,1000.0,1
36,224.87,14897.0,4.14,0.5,0.2357,4000.0,2000.0,1000.0,1
37,224.87,17876.0,4.97,0.5,0.2031,4000.0,2000.0,1000.0,1
38,224.87,20855.0,5.79,0.5,0.175,4000.0,2000.0,1000.0,1
39,224.87,23834.0,6.62,0.5,0.1507,4000.0,2000.0,1000.0,1
40,224.87,26814.0,7.45,0.5,0.1299,4000.0,2000.0,1000.0,1
41,224.87,29793.0,8.28,0.5,0.1119,4000.0,2000.0,1000.0,1
42,224.87,32772.0,9.1,0.5,0.0964,4000.0,2000.0,1000.0,1
43,224.87,35752.0,9.93,0.5,0.0831,4000.0,2000.0,1000.0,1
44,224.87,38731.0,10.76,0.5,0.0716,4000.0,2000.0,1000.0,1
45,224.87,41710.0,11.59,0.5,0.0617,4000.0,2000.0,1000.0,1
46,224.87,44690.0,12.41,0.5,0.0531,4000.0,2000.0,1000.0,1
47,224.87,47669.0,13.24,0.5,0.05,4000.0,2000.0,1000.0,1
48,224.87,50648.0,14.07,0.5,0.05,4000.0,2000.0,1000.0,1
49,224.87,53628.0,14.9,0.5,0.05,4000.0,2000.0,1000.0,1
50,224.87,56607.0,15.72,0.5,0.05,4000.0,2000.0,1000.0,1
51,224.87,59586.0,16.55,0.5,0.05,4000.0,2000.0,1000.0,1
52,224.87,62566.0,17.38,0.5,0.05,4000.0,2000.0,1000.0,1
53,224.87,65545.0,18.21,0.5,0.05,4000.0,2000.0,1000.0,1
54,224.87,68524.0,19.03,0.5,0.05,4000.0,2000.0,1000.0,1
55,224.87,71503.0,19.86,0.5,0.05,4000.0,2000.0,1000.0,1
56,224.87,74483.0,20.69,0.5,0.05,4000.0,2000.0,1000.0,1
57,224.87,77462.0,21.52,0.5,0.05,4000.0,2000.0,1000.0,1
58,224.87,80441.0,22.34,0.5,0.05,4000.0,2000.0,1000.0,1
59,224.87,83421.0,23.17,0.5,0.05,4000.0,2000.0,1000.0,1
60,224.87,86400.0,24.0,0.5,0.05,4000.0,2000.0,1000.0,1
61,226.6,0.0,0.0,0.5,0.4965,4000.0,2000.0,1000.0,1
62,226.6,2979.0,0.83,0.5,0.4278,4000.0,2000.0,1000.0,1
63,226.6,5959.0,1.66,0.5,0.3686,4000.0,2000.0,1000.0,1
64,226.6,8938.0,2.48,0.5,0.3176,4000.0,2000.0,1000.0,1
65,226.6,11917.0,3.31,0.5,0.2736,4000.0,2000.0,1000.0,1
66,226.6,14897.0,4.14,0.5,0.2358,4000.0,2000.0,1000.0,1
67,226.6,17876.0,4.97,0.5,0.2031,4000.0,2000.0,1000.0,1
68,226.6,20855.0,5.79,0.5,0.175,4000.0,2000.0,1000.0,1
69,226.6,23834.0,6.62,0.5,0.1508,4000.0,2000.0,1000.0,1
70,226.6,26814.0,7.45,0.5,0.1299,4000.0,2000.0,1000.0,1
71,226.6,29793.0,8.28,0.5,0.1119,4000.0,2000.0,1000.0,1
72,226.6,32772.0,9.1,0.5,0.0965,4000.0,2000.0,1000.0,1
73,226.6,35752.0,9.93,0.5,0.0831,4000.0,2000.0,1000.0,1
74,226.6,38731.0,10.76,0.5,0.0716,4000.0,2000.0,1000.0,1
75,226.6,41710.0,11.59,0.5,0.0617,4000.0,2000.0,1000.0,1
76,226.6,44690.0,12.41,0.5,0.0532,4000.0,2000.0,1000.0,1
77,226.6,47669.0,13.24,0.5,0.05,4000.0,2000.0,1000.0,1
78,226.6,50648.0,14.07,0.5,0.05,4000.0,2000.0,1000.0,1
79,226.6,53628.0,14.9,0.5,0.05,4000.0,2000.0,1000.0,1
80,226.6,56607.0,15.72,0.5,0.05,4000.0,2000.0,1000.0,1
81,226.6,59586.0,16.55,0.5,0.05,4000.0,2000.0,1000.0,1
82,226.6,62566.0,17.38,0.5,0.05,4000.0,2000.0,1000.0,1
83,226.6,65545.0,18.21,0.5,0.05,4000.0,2000.0,1000.0,1
84,226.6,68524.0,19.03,0.5,0.05,4000.0,2000.0,1000.0,1
85,226.6,71503.0,19.86,0.5,0.05,4000.0,2000.0,1000.0,1
86,226.6,74483.0,20.69,0.5,0.05,4000.0,2000.0,1000.0,1
87,226.6,77462.0,21.52,0.5,0.05,4000.0,2000.0,1000.0,1
88,226.6,80441.0,22.34,0.5,0.05,4000.0,2000.0,1000.0,1
89,226.6,83421.0,23.17,0.5,0.05,4000.0,2000.0,1000.0,1
90,226.6,86400.0,24.0,0.5,0.05,4000.0,2000.0,1000.0,1
91,228.32,0.0,0.0,0.5,0.4967,4000.0,2000.0,1000.0,1
92,228.32,2979.0,0.83,0.5,0.428,4000.0,2000.0,1000.0,1
93,228.32,5959.0,1.66,0.5,0.3687,4000.0,2000.0,1000.0,1
94,228.32,8938.0,2.48,0.5,0.3177,4000.0,2000.0,1000.0,1
95,228.32,11917.0,3.31,0.5,0.2737,4000.0,2000.0,1000.0,1
96,228.32,14897.0,4.14,0.5,0.2358,4000.0,2000.0,1000.0,1
97,228.32,17876.0,4.97,0.5,0.2032,4000.0,2000.0,1000.0,1
98,228.32,20855.0,5.79,0.5,0.1751,4000.0,2000.0,1000.0,1
99,228.32,23834.0,6.62,0.5,0.1508,4000.0,2000.0,1000.0,1
100,228.32,26814.0,7.45,0.5,0.13,4000.0,2000.0,1000.0,1
101,228.32,29793.0,8.28,0.5,0.112,4000.0,2000.0,1000.0,1
102,228.32,32772.0,9.1,0.5,0.0965,4000.0,2000.0,1000.0,1
103,228.32,35752.0,9.93,0.5,0.0831,4000.0,2000.0,1000.0,1
104,228.32,38731.0,10.76,0.5,0.0716,4000.0,2000.0,1000.0,1
105,228.32,41710.0,11.59,0.5,0.0617,4000.0,2000.0,1000.0,1
106,228.32,44690.0,12.41,0.5,0.0532,4000.0,2000.0,1000.0,1
107,228.32,47669.0,13.24,0.5,0.05,4000.0,2000.0,1000.0,1
108,228.32,50648.0,14.07,0.5,0.05,4000.0,2000.0,1000.0,1
109,228.32,53628.0,14.9,0.5,0.05,4000.0,2000.0,1000.0,1
110,228.32,56607.0,15.72,0.5,0.05,4000.0,2000.0,1000.0,1
111,228.32,59586.0,16.55,0.5,0.05,4000.0,2000.0,1000.0,1
112,228.32,62566.0,17.38,0.5,0.05,4000.0,2000.0,1000.0,1
113,228.32,65545.0,18.21,0.5,0.05,4000.0,2000.0,1000.0,1
114,228.32,68524.0,19.03,0.5,0.05,4000.0,2000.0,1000.0,1
115,228.32,71503.0,19.86,0.5,0.05,4000.0,2000.0,1000.0,1
116,228.32,74483.0,20.69,0.5,0.05,4000.0,2000.0,1000.0,1
117,228.32,77462.0,21.52,0.5,0.05,4000.0,2000.0,1000.0,1
118,228.32,80441.0,22.34,0.5,0.05,4000.0,2000.0,1000.0,1
119,228.32,83421.0,23.17,0.5,0.05,4000.0,2000.0,1000.0,1
120,228.32,86400.0,24.0,0.5,0.05,4000.0,2000.0,1000.0,1
121,230.05,0.0,0.0,0.5,0.4969,4000.0,2000.0,1000.0,1
122,230.05,2979.0,0.83,0.5,0.4281,4000.0,2000.0,1000.0,1
123,230.05,5959.0,1.66,0.5,0.3688,4000.0,2000.0,1000.0,1
124,230.05,8938.0,2.48,0.5,0.3178,4000.0,2000.0,1000.0,1
125,230.05,11917.0,3.31,0.5,0.2738,4000.0,2000.0,1000.0,1
126,230.05,14897.0,4.14,0.5,0.2359,4000.0,2000.0,1000.0,1
127,230.05,17876.0,4.97,0.5,0.2033,4000.0,2000.0,1000.0,1
128,230.05,20855.0,5.79,0.5,0.1751,4000.0,2000.0,1000.0,1
129,230.05,23834.0,6.62,0.5,0.1509,4000.0,2000.0,1000.0,1
130,230.05,26814.0,7.45,0.5,0.13,4000.0,2000.0,1000.0,1
131,230.05,29793.0,8.28,0.5,0.112,4000.0,2000.0,1000.0,1
132,230.05,32772.0,9.1,0.5,0.0965,4000.0,2000.0,1000.0,1
133,230.05,35752.0,9.93,0.5,0.0832,4000.0,2000.0,1000.0,1
134,230.05,38731.0,10.76,0.5,0.0716,4000.0,2000.0,1000.0,1
135,230.05,41710.0,11.59,0.5,0.0617,4000.0,2000.0,1000.0,1
136,230.05,44690.0,12.41,0.5,0.0532,4000.0,2000.0,1000.0,1
137,230.05,47669.0,13.24,0.5,0.05,4000.0,2000.0,1000.0,1
138,230.05,50648.0,14.07,0.5,0.05,4000.0,2000.0,1000.0,1
139,230.05,53628.0,14.9,0.5,0.05,4000.0,2000.0,1000.0,1
140,230.05,56607.0,15.72,0.5,0.05,4000.0,2000.0,1000.0,1
141,230.05,59586.0,16.55,0.5,0.05,4000.0,2000.0,1000.0,1
142,230.05,62566.0,17.38,0.5,0.05,4000.0,2000.0,1000.0,1
143,230.05,65545.0,18.21,0.5,0.05,4000.0,2000.0,1000.0,1
144,230.05,68524.0,19.03,0.5,0.05,4000.0,2000.0,1000.0,1
145,230.05,71503.0,19.86,0.5,0.05,4000.0,2000.0,1000.0,1
146,230.05,74483.0,20.69,0.5,0.05,4000.0,2000.0,1000.0,1
147,230.05,77462.0,21.52,0.5,0.05,4000.0,2000.0,1000.0,1
148,230.05,80441.0,22.34,0.5,0.05,4000.0,2000.0,1000.0,1
149,230.05,83421.0,23.17,0.5,0.05,4000.0,2000.0,1000.0,1
150,230.05,86400.0,24.0,0.5,0.05,4000.0,2000.0,1000.0,1
151,231.77,0.0,0.0,0.5,0.497,4000.0,2000.0,1000.0,1
152,231.77,2979.0,0.83,0.5,0.4282,4000.0,2000.0,1000.0,1
153,231.77,5959.0,1.66,0.5,0.369,4000.0,2000.0,1000.0,1
154,231.77,8938.0,2.48,0.5,0.3179,4000.0,2000.0,1000.0,1
155,231.77,11917.0,3.31,0.5,0.2739,4000.0,2000.0,1000.0,1
156,231.77,14897.0,4.14,0.5,0.236,4000.0,2000.0,1000.0,1
157,231.77,17876.0,4.97,0.5,0.2033,4000.0,2000.0,1000.0,1
158,231.77,20855.0,5.79,0.5,0.1752,4000.0,2000.0,1000.0,1
159,231.77,23834.0,6.62,0.5,0.1509,4000.0,2000.0,1000.0,1
160,231.77,26814.0,7.45,0.5,0.1301,4000.0,2000.0,1000.0,1
161,231.77,29793.0,8.28,0.5,0.1121,4000.0,2000.0,1000.0,1
162,231.77,32772.0,9.1,0.5,0.0965,4000.0,2000.0,1000.0,1
163,231.77,35752.0,9.93,0.5,0.0832,4000.0,2000.0,1000.0,1
164,231.77,38731.0,10.76,0.5,0.0717,4000.0,2000.0,1000.0,1
165,231.77,41710.0,11.59,0.5,0.0618,4000.0,2000.0,1000.0,1
166,231.77,44690.0,12.41,0.5,0.0532,4000.0,2000.0,1000.0,1
167,231.77,47669.0,13.24,0.5,0.05,4000.0,2000.0,1000.0,1
168,231.77,50648.0,14.07,0.5,0.05,4000.0,2000.0,1000.0,1
169,231.77,53628.0,14.9,0.5,0.05,4000.0,2000.0,1000.0,1
170,231.77,56607.0,15.72,0.5,0.05,4000.0,2000.0,1000.0,1
171,231.77,59586.0,16.55,0.5,0.05,4000.0,2000.0,1000.0,1
172,231.77,62566.0,17.38,0.5,0.05,4000.0,2000.0,1000.0,1
173,231.77,65545.0,18.21,0.5,0.05,4000.0,2000.0,1000.0,1
174,231.77,68524.0,19.03,0.5,0.05,4000.0,2000.0,1000.0,1
175,231.77,71503.0,19.86,0.5,0.05,4000.0,2000.0,1000.0,1
176,231.77,74483.0,20.69,0.5,0.05,4000.0,2000.0,1000.0,1
177,231.77,77462.0,21.52,0.5,0.05,4000.0,2000.0,1000.0,1
178,231.77,80441.0,22.34,0.5,0.05,4000.0,2000.0,1000.0,1
179,231.77,83421.0,23.17,0.5,0.05,4000.0,2000.0,1000.0,1
180,231.77,86400.0,24.0,0.5,0.05,4000.0,2000.0,1000.0,1
181,233.49,0.0,0.0,0.5,0.4972,4000.0,2000.0,1000.0,1
182,233.49,2979.0,0.83,0.5,0.4284,4000.0,2000.0,1000.0,1
183,233.49,5959.0,1.66,0.5,0.3691,4000.0,2000.0,1000.0,1
184,233.49,8938.0,2.48,0.5,0.318,4000.0,2000.0,1000.0,1
185,233.49,11917.0,3.31,0.5,0.274,4000.0,2000.0,1000.0,1
186,233.49,14897.0,4.14,0.5,0.2361,4000.0,2000.0,1000.0,1
187,233.49,17876.0,4.97,0.5,0.2034,4000.0,2000.0,1000.0,1
188,233.49,20855.0,5.79,0.5,0.1753,4000.0,2000.0,1000.0,1
189,233.49,23834.0,6.62,0.5,0.151,4000.0,2000.0,1000.0,1
190,233.49,26814.0,7.45,0.5,0.1301,4000.0,2000.0,1000.0,1
191,233.49,29793.0,8.28,0.5,0.1121,4000.0,2000.0,1000.0,1
192,233.49,32772.0,9.1,0.5,0.0966,4000.0,2000.0,1000.0,1
193,233.49,35752.0,9.93,0.5,0.0832,4000.0,2000.0,1000.0,1
194,233.49,38731.0,10.76,0.5,0.0717,4000.0,2000.0,1000.0,1
195,233.49,41710.0,11.59,0.5,0.0618,4000.0,2000.0,1000.0,1
196,233.49,44690.0,12.41,0.5,0.0532,4000.0,2000.0,1000.0,1
197,233.49,47669.0,13.24,0.5,0.05,4000.0,2000.0,1000.0,1
198,233.49,50648.0,14.07,0.5,0.05,4000.0,2000.0,1000.0,1
199,233.49,53628.0,14.9,0.5,0.05,4000.0,2000.0,1000.0,1
200,233.49,56607.0,15.72,0.5,0.05,4000.0,2000.0,1000.0,1
201,233.49,59586.0,16.55,0.5,0.05,4000.0,2000.0,1000.0,1
202,233.49,62566.0,17.38,0.5,0.05,4000.0,2000.0,1000.0,1
203,233.49,65545.0,18.21,0.5,0.05,4000.0,2000.0,1000.0,1
204,233.49,68524.0,19.03,0.5,0.05,4000.0,2000.0,1000.0,1
205,233.49,71503.0,19.86,0.5,0.05,4000.0,2000.0,1000.0,1
206,233.49,74483.0,20.69,0.5,0.05,4000.0,2000.0,1000.0,1
207,233.49,77462.0,21.52,0.5,0.05,4000.0,2000.0,1000.0,1
208,233.49,80441.0,22.34,0.5,0.05,4000.0,2000.0,1000.0,1
209,233.49,83421.0,23.17,0.5,0.05,4000.0,2000.0,1000.0,1
210,233.49,86400.0,24.0,0.5,0.05,4000.0,2000.0,1000.0,1
211,235.22,0.0,0.0,0.5,0.4974,4000.0,2000.0,1000.0,1
212,235.22,2979.0,0.83,0.5,0.4285,4000.0,2000.0,1000.0,1
213,235.22,5959.0,1.66,0.5,0.3692,4000.0,2000.0,1000.0,1
214,235.22,8938.0,2.48,0.5,0.3181,4000.0,2000.0,1000.0,1
215,235.22,11917.0,3.31,0.5,0.2741,4000.0,2000.0,1000.0,1
216,235.22,14897.0,4.14,0.5,0.2362,4000.0,2000.0,1000.0,1
217,235.22,17876.0,4.97,0.5,0.2035,4000.0,2000.0,1000.0,1
218,235.22,20855.0,5.79,0.5,0.1753,4000.0,2000.0,1000.0,1
219,235.22,23834.0,6.62,0.5,0.151,4000.0,2000.0,1000.0,1
220,235.22,26814.0,7.45,0.5,0.1301,4000.0,2000.0,1000.0,1
221,235.22,29793.0,8.28,0.5,0.1121,4000.0,2000.0,1000.0,1
222,235.22,32772.0,9.1,0.5,0.0966,4000.0,2000.0,1000.0,1
223,235.22,35752.0,9.93,0.5,0.0832,4000.0,2000.0,1000.0,1
224,235.22,38731.0,10.76,0.5,0.0717,4000.0,2000.0,1000.0,1
225,235.22,41710.0,11.59,0.5,0.0618,4000.0,2000.0,1000.0,1
226,235.22,44690.0,12.41,0.5,0.0532,4000.0,2000.0,1000.0,1
227,235.22,47669.0,13.24,0.5,0.05,4000.0,2000.0,1000.0,1
228,235.22,50648.0,14.07,0.5,0.05,4000.0,2000.0,1000.0,1
229,235.22,53628.0,14.9,0.5,0.05,4000.0,2000.0,1000.0,1
230,235.22,56607.0,15.72,0.5,0.05,4000.0,2000.0,1000.0,1
231,235.22,59586.0,16.55,0.5,0.05,4000.0,2000.0,1000.0,1
232,235.22,62566.0,17.38,0.5,0.05,4000.0,2000.0,1000.0,1
233,235.22,65545.0,18.21,0.5,0.05,4000.0,2000.0,1000.0,1
234,235.22,68524.0,19.03,0.5,0.05,4000.0,2000.0,1000.0,1
235,235.22,71503.0,19.86,0.5,0.05,4000.0,2000.0,1000.0,1
236,235.22,74483.0,20.69,0.5,0.05,4000.0,2000.0,1000.0,1
237,235.22,77462.0,21.52,0.5,0.05,4000.0,2000.0,1000.0,1
238,235.22,80441.0,22.34,0.5,0.05,4000.0,2000.0,1000.0,1
239,235.22,83421.0,23.17,0.5,0.05,4000.0,2000.0,1000.0,1
240,235.22,86400.0,24.0,0.5,0.05,4000.0,2000.0,1000.0,1
241,236.94,0.0,0.0,0.5,0.4975,4000.0,2000.0,1000.0,1
242,236.94,2979.0,0.83,0.5,0.4287,4000.0,2000.0,1000.0,1
243,236.94,5959.0,1.66,0.5,0.3693,4000.0,2000.0,1000.0,1
244,236.94,8938.0,2.48,0.5,0.3182,4000.0,2000.0,1000.0,1
245,236.94,11917.0,3.31,0.5,0.2742,4000.0,2000.0,1000.0,1
246,236.94,14897.0,4.14,0.5,0.2362,4000.0,2000.0,1000.0,1
247,236.94,17876.0,4.97,0.5,0.2035,4000.0,2000.0,1000.0,1
248,236.94,20855.0,5.79,0.5,0.1754,4000.0,2000.0,1000.0,1
249,236.94,23834.0,6.62,0.5,0.1511,4000.0,2000.0,1000.0,1
250,236.94,26814.0,7.45,0.5,0.1302,4000.0,2000.0,1000.0,1
251,236.94,29793.0,8.28,0.5,0.1122,4000.0,2000.0,1000.0,1
252,236.94,32772.0,9.1,0.5,0.0966,4000.0,2000.0,1000.0,1
253,236.94,35752.0,9.93,0.5,0.0833,4000.0,2000.0,1000.0,1
254,236.94,38731.0,10.76,0.5,0.0717,4000.0,2000.0,1000.0,1
255,236.94,41710.0,11.59,0.5,0.0618,4000.0,2000.0,1000.0,1
256,236.94,44690.0,12.41,0.5,0.0533,4000.0,2000.0,1000.0,1
257,236.94,47669.0,13.24,0.5,0.05,4000.0,2000.0,1000.0,1
258,236.94,50648.0,14.07,0.5,0.05,4000.0,2000.0,1000.0,1
259,236.94,53628.0,14.9,0.5,0.05,4000.0,2000.0,1000.0,1
260,236.94,56607.0,15.72,0.5,0.05,4000.0,2000.0,1000.0,1
261,236.94,59586.0,16.55,0.5,0.05,4000.0,2000.0,1000.0,1
262,236.94,62566.0,17.38,0.5,0.05,4000.0,2000.0,1000.0,1
263,236.94,65545.0,18.21,0.5,0.05,4000.0,2000.0,1000.0,1
264,236.94,68524.0,19.03,0.5,0.05,4000.0,2000.0,1000.0,1
265,236.94,71503.0,19.86,0.5,0.05,4000.0,2000.0,1000.0,1
266,236.94,74483.0,20.69,0.5,0.05,4000.0,2000.0,1000.0,1
267,236.94,77462.0,21.52,0.5,0.05,4000.0,2000.0,1000.0,1
268,236.94,80441.0,22.34,0.5,0.05,4000.0,2000.0,1000.0,1
269,236.94,83421.0,23.17,0.5,0.05,4000.0,2000.0,1000.0,1
270,236.94,86400.0,24.0,0.5,0.05,4000.0,2000.0,1000.0,1
271,238.67,0.0,0.0,0.5,0.4977,4000.0,2000.0,1000.0,1
272,238.67,2979.0,0.83,0.5,0.4288,4000.0,2000.0,1000.0,1
273,238.67,5959.0,1.66,0.5,0.3695,4000.0,2000.0,1000.0,1
274,238.67,8938.0,2.48,0.5,0.3183,4000.0,2000.0,1000.0,1
275,238.67,11917.0,3.31,0.5,0.2743,4000.0,2000.0,1000.0,1
276,238.67,14897.0,4.14,0.5,0.2363,4000.0,2000.0,1000.0,1
277,238.67,17876.0,4.97,0.5,0.2036,4000.0,2000.0,1000.0,1
278,238.67,20855.0,5.79,0.5,0.1754,4000.0,2000.0,1000.0,1
279,238.67,23834.0,6.62,0.5,0.1511,4000.0,2000.0,1000.0,1
280,238.67,26814.0,7.45,0.5,0.1302,4000.0,2000.0,1000.0,1
281,238.67,29793.0,8.28,0.5,0.1122,4000.0,2000.0,1000.0,1
282,238.67,32772.0,9.1,0.5,0.0967,4000.0,2000.0,1000.0,1
283,238.67,35752.0,9.93,0.5,0.0833,4000.0,2000.0,1000.0,1
284,238.67,38731.0,10.76,0.5,0.0718,4000.0,2000.0,1000.0,1
285,238.67,41710.0,11.59,0.5,0.0618,4000.0,2000.0,1000.0,1
286,238.67,44690.0,12.41,0.5,0.0533,4000.0,2000.0,1000.0,1
287,238.67,47669.0,13.24,0.5,0.05,4000.0,2000.0,1000.0,1
288,238.67,50648.0,14.07,0.5,0.05,4000.0,2000.0,1000.0,1
289,238.67,53628.0,14.9,0.5,0.05,4000.0,2000.0,1000.0,1
290,238.67,56607.0,15.72,0.5,0.05,4000.0,2000.0,1000.0,1
291,238.67,59586.0,16.55,0.5,0.05,4000.0,2000.0,1000.0,1
292,238.67,62566.0,17.38,0.5,0.05,4000.0,2000.0,1000.0,1
293,238.67,65545.0,18.21,0.5,0.05,4000.0,2000.0,1000.0,1
294,238.67,68524.0,19.03,0.5,0.05,4000.0,2000.0,1000.0,1
295,238.67,71503.0,19.86,0.5,0.05,4000.0,2000.0,1000.0,1
296,238.67,74483.0,20.69,0.5,0.05,4000.0,2000.0,1000.0,1
297,238.67,77462.0,21.52,0.5,0.05,4000.0,2000.0,1000.0,1
298,238.67,80441.0,22.34,0.5,0.05,4000.0,2000.0,1000.0,1
299,238.67,83421.0,23.17,0.5,0.05,4000.0,2000.0,1000.0,1
300,238.67,86400.0,24.0,0.5,0.05,4000.0,2000.0,1000.0,1
301,240.39,0.0,0.0,0.5,0.4978,4000.0,2000.0,1000.0,1
302,240.39,2979.0,0.83,0.5,0.4289,4000.0,2000.0,1000.0,1
303,240.39,5959.0,1.66,0.5,0.3696,4000.0,2000.0,1000.0,1
304,240.39,8938.0,2.48,0.5,0.3184,4000.0,2000.0,1000.0,1
305,240.39,11917.0,3.31,0.5,0.2744,4000.0,2000.0,1000.0,1
306,240.39,14897.0,4.14,0.5,0.2364,4000.0,2000.0,1000.0,1
307,240.39,17876.0,4.97,0.5,0.2037,4000.0,2000.0,1000.0,1
308,240.39,20855.0,5.79,0.5,0.1755,4000.0,2000.0,1000.0,1
309,240.39,23834.0,6.62,0.5,0.1512,4000.0,2000.0,1000.0,1
310,240.39,26814.0,7.45,0.5,0.1303,4000.0,2000.0,1000.0,1
311,240.39,29793.0,8.28,0.5,0.1122,4000.0,2000.0,1000.0,1
312,240.39,32772.0,9.1,0.5,0.0967,4000.0,2000.0,1000.0,1
313,240.39,35752.0,9.93,0.5,0.0833,4000.0,2000.0,1000.0,1
314,240.39,38731.0,10.76,0.5,0.0718,4000.0,2000.0,1000.0,1
315,240.39,41710.0,11.59,0.5,0.0619,4000.0,2000.0,1000.0,1
316,240.39,44690.0,12.41,0.5,0.0533,4000.0,2000.0,1000.0,1
317,240.39,47669.0,13.24,0.5,0.05,4000.0,2000.0,1000.0,1
318,240.39,50648.0,14.07,0.5,0.05,4000.0,2000.0,1000.0,1
319,240.39,53628.0,14.9,0.5,0.05,4000.0,2000.0,1000.0,1
320,240.39,56607.0,15.72,0.5,0.05,4000.0,2000.0,1000.0,1
321,240.39,59586.0,16.55,0.5,0.05,4000.0,2000.0,1000.0,1
322,240.39,62566.0,17.38,0.5,0.05,4000.0,2000.0,1000.0,1
323,240.39,65545.0,18.21,0.5,0.05,4000.0,2000.0,1000.0,1
324,240.39,68524.0,19.03,0.5,0.05,4000.0,2000.0,1000.0,1
325,240.39,71503.0,19.86,0.5,0.05,4000.0,2000.0,1000.0,1
326,240.39,74483.0,20.69,0.5,0.05,4000.0,2000.0,1000.0,1
327,240.39,77462.0,21.52,0.5,0.05,4000.0,2000.0,1000.0,1
328,240.39,80441.0,22.34,0.5,0.05,4000.0,2000.0,1000.0,1
329,240.39,83421.0,23.17,0.5,0.05,4000.0,2000.0,1000.0,1
330,240.39,86400.0,24.0,0.5,0.05,4000.0,2000.0,1000.0,1
331,242.12,0.0,0.0,0.5,0.498,4000.0,2000.0,1000.0,1
332,242.12,2979.0,0.83,0.5,0.4291,4000.0,2000.0,1000.0,1
333,242.12,5959.0,1.66,0.5,0.3697,4000.0,2000.0,1000.0,1
334,242.12,8938.0,2.48,0.5,0.3185,4000.0,2000.0,1000.0,1
335,242.12,11917.0,3.31,0.5,0.2744,4000.0,2000.0,1000.0,1
336,242.12,14897.0,4.14,0.5,0.2365,4000.0,2000.0,1000.0,1
337,242.12,17876.0,4.97,0.5,0.2037,4000.0,2000.0,1000.0,1
338,242.12,20855.0,5.79,0.5,0.1755,4000.0,2000.0,1000.0,1
339,242.12,23834.0,6.62,0.5,0.1512,4000.0,2000.0,1000.0,1
340,242.12,26814.0,7.45,0.5,0.1303,4000.0,2000.0,1000.0,1
341,242.12,29793.0,8.28,0.5,0.1123,4000.0,2000.0,1000.0,1
342,242.12,32772.0,9.1,0.5,0.0967,4000.0,2000.0,1000.0,1
343,242.12,35752.0,9.93,0.5,0.0833,4000.0,2000.0,1000.0,1
344,242.12,38731.0,10.76,0.5,0.0718,4000.0,2000.0,1000.0,1
345,242.12,41710.0,11.59,0.5,0.0619,4000.0,2000.0,1000.0,1
346,242.12,44690.0,12.41,0.5,0.0533,4000.0,2000.0,1000.0,1
347,242.12,47669.0,13.24,0.5,0.05,4000.0,2000.0,1000.0,1
348,242.12,50648.0,14.07,0.5,0.05,4000.0,2000.0,1000.0,1
349,242.12,53628.0,14.9,0.5,0.05,4000.0,2000.0,1000.0,1
350,242.12,56607.0,15.72,0.5,0.05,4000.0,2000.0,1000.0,1
351,242.12,59586.0,16.55,0.5,0.05,4000.0,2000.0,1000.0,1
352,242.12,62566.0,17.38,0.5,0.05,4000.0,2000.0,1000.0,1
353,242.12,65545.0,18.21,0.5,0.05,4000.0,2000.0,1000.0,1
354,242.12,68524.0,19.03,0.5,0.05,4000.0,2000.0,1000.0,1
355,242.12,71503.0,19.86,0.5,0.05,4000.0,2000.0,1000.0,1
356,242.12,74483.0,20.69,0.5,0.05,4000.0,2000.0,1000.0,1
357,242.12,77462.0,21.52,0.5,0.05,4000.0,2000.0,1000.0,1
358,242.12,80441.0,22.34,0.5,0.05,4000.0,2000.0,1000.0,1
359,242.12,83421.0,23.17,0.5,0.05,4000.0,2000.0,1000.0,1
360,242.12,86400.0,24.0,0.5,0.05,4000.0,2000.0,1000.0,1
361,243.84,0.0,0.0,0.5,0.4982,4000.0,2000.0,1000.0,1
362,243.84,2979.0,0.83,0.5,0.4292,4000.0,2000.0,1000.0,1
363,243.84,5959.0,1.66,0.5,0.3698,4000.0,2000.0,1000.0,1
364,243.84,8938.0,2.48,0.5,0.3186,4000.0,2000.0,1000.0,1
365,243.84,11917.0,3.31,0.5,0.2745,4000.0,2000.0,1000.0,1
366,243.84,14897.0,4.14,0.5,0.2365,4000.0,2000.0,1000.0,1
367,243.84,17876.0,4.97,0.5,0.2038,4000.0,2000.0,1000.0,1
368,243.84,20855.0,5.79,0.5,0.1756,4000.0,2000.0,1000.0,1
369,243.84,23834.0,6.62,0.5,0.1513,4000.0,2000.0,1000.0,1
370,243.84,26814.0,7.45,0.5,0.1304,4000.0,2000.0,1000.0,1
371,243.84,29793.0,8.28,0.5,0.1123,4000.0,2000.0,1000.0,1
372,243.84,32772.0,9.1,0.5,0.0968,4000.0,2000.0,1000.0,1
373,243.84,35752.0,9.93,0.5,0.0834,4000.0,2000.0,1000.0,1
374,243.84,38731.0,10.76,0.5,0.0718,4000.0,2000.0,1000.0,1
375,243.84,41710.0,11.59,0.5,0.0619,4000.0,2000.0,1000.0,1
376,243.84,44690.0,12.41,0.5,0.0533,4000.0,2000.0,1000.0,1
377,243.84,47669.0,13.24,0.5,0.05,4000.0,2000.0,1000.0,1
378,243.84,50648.0,14.07,0.5,0.05,4000.0,2000.0,1000.0,1
379,243.84,53628.0,14.9,0.5,0.05,4000.0,2000.0,1000.0,1
380,243.84,56607.0,15.72,0.5,0.05,4000.0,2000.0,1000.0,1
381,243.84,59586.0,16.55,0.5,0.05,4000.0,2000.0,1000.0,1
382,243.84,62566.0,17.38,0.5,0.05,4000.0,2000.0,1000.0,1
383,243.84,65545.0,18.21,0.5,0.05,4000.0,2000.0,1000.0,1
384,243.84,68524.0,19.03,0.5,0.05,4000.0,2000.0,1000.0,1
385,243.84,71503.0,19.86,0.5,0.05,4000.0,2000.0,1000.0,1
386,243.84,74483.0,20.69,0.5,0.05,4000.0,2000.0,1000.0,1
387,243.84,77462.0,21.52,0.5,0.05,4000.0,2000.0,1000.0,1
388,243.84,80441.0,22.34,0.5,0.05,4000.0,2000.0,1000.0,1
389,243.84,83421.0,23.17,0.5,0.05,4000.0,2000.0,1000.0,1
390,243.84,86400.0,24.0,0.5,0.05,4000.0,2000.0,1000.0,1
391,245.56,0.0,0.0,0.5,0.4983,4000.0,2000.0,1000.0,1
392,245.56,2979.0,0.83,0.5,0.4294,4000.0,2000.0,1000.0,1
393,245.56,5959.0,1.66,0.5,0.3699,4000.0,2000.0,1000.0,1
394,245.56,8938.0,2.48,0.5,0.3187,4000.0,2000.0,1000.0,1
395,245.56,11917.0,3.31,0.5,0.2746,4000.0,2000.0,1000.0,1
396,245.56,14897.0,4.14,0.5,0.2366,4000.0,2000.0,1000.0,1
397,245.56,17876.0,4.97,0.5,0.2039,4000.0,2000.0,1000.0,1
398,245.56,20855.0,5.79,0.5,0.1757,4000.0,2000.0,1000.0,1
399,245.56,23834.0,6.62,0.5,0.1513,4000.0,2000.0,1000.0,1
400,245.56,26814.0,7.45,0.5,0.1304,4000.0,2000.0,1000.0,1
401,245.56,29793.0,8.28,0.5,0.1123,4000.0,2000.0,1000.0,1
402,245.56,32772.0,9.1,0.5,0.0968,4000.0,2000.0,1000.0,1
403,245.56,35752.0,9.93,0.5,0.0834,4000.0,2000.0,1000.0,1
404,245.56,38731.0,10.76,0.5,0.0719,4000.0,2000.0,1000.0,1
405,245.56,41710.0,11.59,0.5,0.0619,4000.0,2000.0,1000.0,1
406,245.56,44690.0,12.41,0.5,0.0533,4000.0,2000.0,1000.0,1
407,245.56,47669.0,13.24,0.5,0.05,4000.0,2000.0,1000.0,1
408,245.56,50648.0,14.07,0.5,0.05,4000.0,2000.0,1000.0,1
409,245.56,53628.0,14.9,0.5,0.05,4000.0,2000.0,1000.0,1
410,245.56,56607.0,15.72,0.5,0.05,4000.0,2000.0,1000.0,1
411,245.56,59586.0,16.55,0.5,0.05,4000.0,2000.0,1000.0,1
412,245.56,62566.0,17.38,0.5,0.05,4000.0,2000.0,1000.0,1
413,245.56,65545.0,18.21,0.5,0.05,4000.0,2000.0,1000.0,1
414,245.56,68524.0,19.03,0.5,0.05,4000.0,2000.0,1000.0,1
415,245.56,71503.0,19.86,0.5,0.05,4000.0,2000.0,1000.0,1
416,245.56,74483.0,20.69,0.5,0.05,4000.0,2000.0,1000.0,1
417,245.56,77462.0,21.52,0.5,0.05,4000.0,2000.0,1000.0,1
418,245.56,80441.0,22.34,0.5,0.05,4000.0,2000.0,1000.0,1
419,245.56,83421.0,23.17,0.5,0.05,4000.0,2000.0,1000.0,1
420,245.56,86400.0,24.0,0.5,0.05,4000.0,2000.0,1000.0,1
421,247.29,0.0,0.0,0.5,0.4985,4000.0,2000.0,1000.0,1
422,247.29,2979.0,0.83,0.5,0.4295,4000.0,2000.0,1000.0,1
423,247.29,5959.0,1.66,0.5,0.3701,4000.0,2000.0,1000.0,1
424,247.29,8938.0,2.48,0.5,0.3188,4000.0,2000.0,1000.0,1
425,247.29,11917.0,3.31,0.5,0.2747,4000.0,2000.0,1000.0,1
426,247.29,14897.0,4.14,0.5,0.2367,4000.0,2000.0,1000.0,1
427,247.29,17876.0,4.97,0.5,0.2039,4000.0,2000.0,1000.0,1
428,247.29,20855.0,5.79,0.5,0.1757,4000.0,2000.0,1000.0,1
429,247.29,23834.0,6.62,0.5,0.1514,4000.0,2000.0,1000.0,1
430,247.29,26814.0,7.45,0.5,0.1304,4000.0,2000.0,1000.0,1
431,247.29,29793.0,8.28,0.5,0.1124,4000.0,2000.0,1000.0,1
432,247.29,32772.0,9.1,0.5,0.0968,4000.0,2000.0,1000.0,1
433,247.29,35752.0,9.93,0.5,0.0834,4000.0,2000.0,1000.0,1
434,247.29,38731.0,10.76,0.5,0.0719,4000.0,2000.0,1000.0,1
435,247.29,41710.0,11.59,0.5,0.0619,4000.0,2000.0,1000.0,1
436,247.29,44690.0,12.41,0.5,0.0534,4000.0,2000.0,1000.0,1
437,247.29,47669.0,13.24,0.5,0.05,4000.0,2000.0,1000.0,1
438,247.29,50648.0,14.07,0.5,0.05,4000.0,2000.0,1000.0,1
439,247.29,53628.0,14.9,0.5,0.05,4000.0,2000.0,1000.0,1
440,247.29,56607.0,15.72,0.5,0.05,4000.0,2000.0,1000.0,1
441,247.29,59586.0,16.55,0.5,0.05,4000.0,2000.0,1000.0,1
442,247.29,62566.0,17.38,0.5,0.05,4000.0,2000.0,1000.0,1
443,247.29,65545.0,18.21,0.5,0.05,4000.0,2000.0,1000.0,1
444,247.29,68524.0,19.03,0.5,0.05,4000.0,2000.0,1000.0,1
445,247.29,71503.0,19.86,0.5,0.05,4000.0,2000.0,1000.0,1
446,247.29,74483.0,20.69,0.5,0.05,4000.0,2000.0,1000.0,1
447,247.29,77462.0,21.52,0.5,0.05,4000.0,2000.0,1000.0,1
448,247.29,80441.0,22.34,0.5,0.05,4000.0,2000.0,1000.0,1
449,247.29,83421.0,23.17,0.5,0.05,4000.0,2000.0,1000.0,1
450,247.29,86400.0,24.0,0.5,0.05,4000.0,2000.0,1000.0,1
451,249.01,0.0,0.0,0.5,0.4987,4000.0,2000.0,1000.0,1
452,249.01,2979.0,0.83,0.5,0.4296,4000.0,2000.0,1000.0,1
453,249.01,5959.0,1.66,0.5,0.3702,4000.0,2000.0,1000.0,1
454,249.01,8938.0,2.48,0.5,0.3189,4000.0,2000.0,1000.0,1
455,249.01,11917.0,3.31,0.5,0.2748,4000.0,2000.0,1000.0,1
456,249.01,14897.0,4.14,0.5,0.2368,4000.0,2000.0,1000.0,1
457,249.01,17876.0,4.97,0.5,0.204,4000.0,2000.0,1000.0,1
458,249.01,20855.0,5.79,0.5,0.1758,4000.0,2000.0,1000.0,1
459,249.01,23834.0,6.62,0.5,0.1514,4000.0,2000.0,1000.0,1
460,249.01,26814.0,7.45,0.5,0.1305,4000.0,2000.0,1000.0,1
461,249.01,29793.0,8.28,0.5,0.1124,4000.0,2000.0,1000.0,1
462,249.01,32772.0,9.1,0.5,0.0969,4000.0,2000.0,1000.0,1
463,249.01,35752.0,9.93,0.5,0.0835,4000.0,2000.0,1000.0,1
464,249.01,38731.0,10.76,0.5,0.0719,4000.0,2000.0,1000.0,1
465,249.01,41710.0,11.59,0.5,0.062,4000.0,2000.0,1000.0,1
466,249.01,44690.0,12.41,0.5,0.0534,4000.0,2000.0,1000.0,1
467,249.01,47669.0,13.24,0.5,0.05,4000.0,2000.0,1000.0,1
468,249.01,50648.0,14.07,0.5,0.05,4000.0,2000.0,1000.0,1
469,249.01,53628.0,14.9,0.5,0.05,4000.0,2000.0,1000.0,1
470,249.01,56607.0,15.72,0.5,0.05,4000.0,2000.0,1000.0,1
471,249.01,59586.0,16.55,0.5,0.05,4000.0,2000.0,1000.0,1
472,249.01,62566.0,17.38,0.5,0.05,4000.0,2000.0,1000.0,1
473,249.01,65545.0,18.21,0.5,0.05,4000.0,2000.0,1000.0,1
474,249.01,68524.0,19.03,0.5,0.05,4000.0,2000.0,1000.0,1
475,249.01,71503.0,19.86,0.5,0.05,4000.0,2000.0,1000.0,1
476,249.01,74483.0,20.69,0.5,0.05,4000.0,2000.0,1000.0,1
477,249.01,77462.0,21.52,0.5,0.05,4000.0,2000.0,1000.0,1
478,249.01,80441.0,22.34,0.5,0.05,4000.0,2000.0,1000.0,1
479,249.01,83421.0,23.17,0.5,0.05,4000.0,2000.0,1000.0,1
480,249.01,86400.0,24.0,0.5,0.05,4000.0,2000.0,1000.0,1
481,250.74,0.0,0.0,0.5,0.4988,4000.0,2000.0,1000.0,1
482,250.74,2979.0,0.83,0.5,0.4298,4000.0,2000.0,1000.0,1
483,250.74,5959.0,1.66,0.5,0.3703,4000.0,2000.0,1000.0,1
484,250.74,8938.0,2.48,0.5,0.3191,4000.0,2000.0,1000.0,1
485,250.74,11917.0,3.31,0.5,0.2749,4000.0,2000.0,1000.0,1
486,250.74,14897.0,4.14,0.5,0.2368,4000.0,2000.0,1000.0,1
487,250.74,17876.0,4.97,0.5,0.2041,4000.0,2000.0,1000.0,1
488,250.74,20855.0,5.79,0.5,0.1758,4000.0,2000.0,1000.0,1
489,250.74,23834.0,6.62,0.5,0.1515,4000.0,2000.0,1000.0,1
490,250.74,26814.0,7.45,0.5,0.1305,4000.0,2000.0,1000.0,1
491,250.74,29793.0,8.28,0.5,0.1125,4000.0,2000.0,1000.0,1
492,250.74,32772.0,9.1,0.5,0.0969,4000.0,2000.0,1000.0,1
493,250.74,35752.0,9.93,0.5,0.0835,4000.0,2000.0,1000.0,1
494,250.74,38731.0,10.76,0.5,0.0719,4000.0,2000.0,1000.0,1
495,250.74,41710.0,11.59,0.5,0.062,4000.0,2000.0,1000.0,1
496,250.74,44690.0,12.41,0.5,0.0534,4000.0,2000.0,1000.0,1
497,250.74,47669.0,13.24,0.5,0.05,4000.0,2000.0,1000.0,1
498,250.74,50648.0,14.07,0.5,0.05,4000.0,2000.0,1000.0,1
499,250.74,53628.0,14.9,0.5,0.05,4000.0,2000.0,1000.0,1
500,250.74,56607.0,15.72,0.5,0.05,4000.0,2000.0,1000.0,1
501,250.74,59586.0,16.55,0.5,0.05,4000.0,2000.0,1000.0,1
502,250.74,62566.0,17.38,0.5,0.05,4000.0,2000.0,1000.0,1
503,250.74,65545.0,18.21,0.5,0.05,4000.0,2000.0,1000.0,1
504,250.74,68524.0,19.03,0.5,0.05,4000.0,2000.0,1000.0,1
505,250.74,71503.0,19.86,0.5,0.05,4000.0,2000.0,1000.0,1
506,250.74,74483.0,20.69,0.5,0.05,4000.0,2000.0,1000.0,1
507,250.74,77462.0,21.52,0.5,0.05,4000.0,2000.0,1000.0,1
508,250.74,80441.0,22.34,0.5,0.05,4000.0,2000.0,1000.0,1
509,250.74,83421.0,23.17,0.5,0.05,4000.0,2000.0,1000.0,1
510,250.74,86400.0,24.0,0.5,0.05,4000.0,2000.0,1000.0,1
511,252.46,0.0,0.0,0.5,0.499,4000.0,2000.0,1000.0,1
512,252.46,2979.0,0.83,0.5,0.4299,4000.0,2000.0,1000.0,1
513,252.46,5959.0,1.66,0.5,0.3704,4000.0,2000.0,1000.0,1
514,252.46,8938.0,2.48,0.5,0.3192,4000.0,2000.0,1000.0,1
515,252.46,11917.0,3.31,0.5,0.275,4000.0,2000.0,1000.0,1
516,252.46,14897.0,4.14,0.5,0.2369,4000.0,2000.0,1000.0,1
517,252.46,17876.0,4.97,0.5,0.2041,4000.0,2000.0,1000.0,1
518,252.46,20855.0,5.79,0.5,0.1759,4000.0,2000.0,1000.0,1
519,252.46,23834.0,6.62,0.5,0.1515,4000.0,2000.0,1000.0,1
520,252.46,26814.0,7.45,0.5,0.1306,4000.0,2000.0,1000.0,1
521,252.46,29793.0,8.28,0.5,0.1125,4000.0,2000.0,1000.0,1
522,252.46,32772.0,9.1,0.5,0.0969,4000.0,2000.0,1000.0,1
523,252.46,35752.0,9.93,0.5,0.0835,4000.0,2000.0,1000.0,1
524,252.46,38731.0,10.76,0.5,0.072,4000.0,2000.0,1000.0,1
525,252.46,41710.0,11.59,0.5,0.062,4000.0,2000.0,1000.0,1
526,252.46,44690.0,12.41,0.5,0.0534,4000.0,2000.0,1000.0,1
527,252.46,47669.0,13.24,0.5,0.05,4000.0,2000.0,1000.0,1
528,252.46,50648.0,14.07,0.5,0.05,4000.0,2000.0,1000.0,1
529,252.46,53628.0,14.9,0.5,0.05,4000.0,2000.0,1000.0,1
530,252.46,56607.0,15.72,0.5,0.05,4000.0,2000.0,1000.0,1
531,252.46,59586.0,16.55,0.5,0.05,4000.0,2000.0,1000.0,1
532,252.46,62566.0,17.38,0.5,0.05,4000.0,2000.0,1000.0,1
533,252.46,65545.0,18.21,0.5,0.05,4000.0,2000.0,1000.0,1
534,252.46,68524.0,19.03,0.5,0.05,4000.0,2000.0,1000.0,1
535,252.46,71503.0,19.86,0.5,0.05,4000.0,2000.0,1000.0,1
536,252.46,74483.0,20.69,0.5,0.05,4000.0,2000.0,1000.0,1
537,252.46,77462.0,21.52,0.5,0.05,4000.0,2000.0,1000.0,1
538,252.46,80441.0,22.34,0.5,0.05,4000.0,2000.0,1000.0,1
539,252.46,83421.0,23.17,0.5,0.05,4000.0,2000.0,1000.0,1
540,252.46,86400.0,24.0,0.5,0.05,4000.0,2000.0,1000.0,1
541,254.18,0.0,0.0,0.5,0.4991,4000.0,2000.0,1000.0,1
542,254.18,2979.0,0.83,0.5,0.4301,4000.0,2000.0,1000.0,1
543,254.18,5959.0,1.66,0.5,0.3705,4000.0,2000.0,1000.0,1
544,254.18,8938.0,2.48,0.5,0.3193,4000.0,2000.0,1000.0,1
545,254.18,11917.0,3.31,0.5,0.2751,4000.0,2000.0,1000.0,1
546,254.18,14897.0,4.14,0.5,0.237,4000.0,2000.0,1000.0,1
547,254.18,17876.0,4.97,0.5,0.2042,4000.0,2000.0,1000.0,1
548,254.18,20855.0,5.79,0.5,0.1759,4000.0,2000.0,1000.0,1
549,254.18,23834.0,6.62,0.5,0.1516,4000.0,2000.0,1000.0,1
550,254.18,26814.0,7.45,0.5,0.1306,4000.0,2000.0,1000.0,1
551,254.18,29793.0,8.28,0.5,0.1125,4000.0,2000.0,1000.0,1
552,254.18,32772.0,9.1,0.5,0.097,4000.0,2000.0,1000.0,1
553,254.18,35752.0,9.93,0.5,0.0835,4000.0,2000.0,1000.0,1
554,254.18,38731.0,10.76,0.5,0.072,4000.0,2000.0,1000.0,1
555,254.18,41710.0,11.59,0.5,0.062,4000.0,2000.0,1000.0,1
556,254.18,44690.0,12.41,0.5,0.0534,4000.0,2000.0,1000.0,1
557,254.18,47669.0,13.24,0.5,0.05,4000.0,2000.0,1000.0,1
558,254.18,50648.0,14.07,0.5,0.05,4000.0,2000.0,1000.0,1
559,254.18,53628.0,14.9,0.5,0.05,4000.0,2000.0,1000.0,1
560,254.18,56607.0,15.72,0.5,0.05,4000.0,2000.0,1000.0,1
561,254.18,59586.0,16.55,0.5,0.05,4000.0,2000.0,1000.0,1
562,254.18,62566.0,17.38,0.5,0.05,4000.0,2000.0,1000.0,1
563,254.18,65545.0,18.21,0.5,0.05,4000.0,2000.0,1000.0,1
564,254.18,68524.0,19.03,0.5,0.05,4000.0,2000.0,1000.0,1
565,254.18,71503.0,19.86,0.5,0.05,4000.0,2000.0,1000.0,1
566,254.18,74483.0,20.69,0.5,0.05,4000.0,2000.0,1000.0,1
567,254.18,77462.0,21.52,0.5,0.05,4000.0,2000.0,1000.0,1
568,254.18,80441.0,22.34,0.5,0.05,4000.0,2000.0,1000.0,1
569,254.18,83421.0,23.17,0.5,0.05,4000.0,2000.0,1000.0,1
570,254.18,86400.0,24.0,0.5,0.05,4000.0,2000.0,1000.0,1
571,255.91,0.0,0.0,0.5,0.4993,4000.0,2000.0,1000.0,1
572,255.91,2979.0,0.83,0.5,0.4302,4000.0,2000.0,1000.0,1
573,255.91,5959.0,1.66,0.5,0.3707,4000.0,2000.0,1000.0,1
574,255.91,8938.0,2.48,0.5,0.3194,4000.0,2000.0,1000.0,1
575,255.91,11917.0,3.31,0.5,0.2752,4000.0,2000.0,1000.0,1
576,255.91,14897.0,4.14,0.5,0.2371,4000.0,2000.0,1000.0,1
577,255.91,17876.0,4.97,0.5,0.2043,4000.0,2000.0,1000.0,1
578,255.91,20855.0,5.79,0.5,0.176,4000.0,2000.0,1000.0,1
579,255.91,23834.0,6.62,0.5,0.1516,4000.0,2000.0,1000.0,1
580,255.91,26814.0,7.45,0.5,0.1307,4000.0,2000.0,1000.0,1
581,255.91,29793.0,8.28,0.5,0.1126,4000.0,2000.0,1000.0,1
582,255.91,32772.0,9.1,0.5,0.097,4000.0,2000.0,1000.0,1
583,255.91,35752.0,9.93,0.5,0.0836,4000.0,2000.0,1000.0,1
584,255.91,38731.0,10.76,0.5,0.072,4000.0,2000.0,1000.0,1
585,255.91,41710.0,11.59,0.5,0.062,4000.0,2000.0,1000.0,1
586,255.91,44690.0,12.41,0.5,0.0535,4000.0,2000.0,1000.0,1
587,255.91,47669.0,13.24,0.5,0.05,4000.0,2000.0,1000.0,1
588,255.91,50648.0,14.07,0.5,0.05,4000.0,2000.0,1000.0,1
589,255.91,53628.0,14.9,0.5,0.05,4000.0,2000.0,1000.0,1
590,255.91,56607.0,15.72,0.5,0.05,4000.0,2000.0,1000.0,1
591,255.91,59586.0,16.55,0.5,0.05,4000.0,2000.0,1000.0,1
592,255.91,62566.0,17.38,0.5,0.05,4000.0,2000.0,1000.0,1
593,255.91,65545.0,18.21,0.5,0.05,4000.0,2000.0,1000.0,1
594,255.91,68524.0,19.03,0.5,0.05,4000.0,2000.0,1000.0,1
595,255.91,71503.0,19.86,0.5,0.05,4000.0,2000.0,1000.0,1
596,255.91,74483.0,20.69,0.5,0.05,4000.0,2000.0,1000.0,1
597,255.91,77462.0,21.52,0.5,0.05,4000.0,2000.0,1000.0,1
598,255.91,80441.0,22.34,0.5,0.05,4000.0,2000.0,1000.0,1
599,255.91,83421.0,23.17,0.5,0.05,4000.0,2000.0,1000.0,1
600,255.91,86400.0,24.0,0.5,0.05,4000.0,2000.0,1000.0,1
601,257.63,0.0,0.0,0.5,0.4995,4000.0,2000.0,1000.0,1
602,257.63,2979.0,0.83,0.5,0.4303,4000.0,2000.0,1000.0,1
603,257.63,5959.0,1.66,0.5,0.3708,4000.0,2000.0,1000.0,1
604,257.63,8938.0,2.48,0.5,0.3195,4000.0,2000.0,1000.0,1
605,257.63,11917.0,3.31,0.5,0.2753,4000.0,2000.0,1000.0,1
606,257.63,14897.0,4.14,0.5,0.2372,4000.0,2000.0,1000.0,1
607,257.63,17876.0,4.97,0.5,0.2043,4000.0,2000.0,1000.0,1
608,257.63,20855.0,5.79,0.5,0.1761,4000.0,2000.0,1000.0,1
609,257.63,23834.0,6.62,0.5,0.1517,4000.0,2000.0,1000.0,1
610,257.63,26814.0,7.45,0.5,0.1307,4000.0,2000.0,1000.0,1
611,257.63,29793.0,8.28,0.5,0.1126,4000.0,2000.0,1000.0,1
612,257.63,32772.0,9.1,0.5,0.097,4000.0,2000.0,1000.0,1
613,257.63,35752.0,9.93,0.5,0.0836,4000.0,2000.0,1000.0,1
614,257.63,38731.0,10.76,0.5,0.072,4000.0,2000.0,1000.0,1
615,257.63,41710.0,11.59,0.5,0.0621,4000.0,2000.0,1000.0,1
616,257.63,44690.0,12.41,0.5,0.0535,4000.0,2000.0,1000.0,1
617,257.63,47669.0,13.24,0.5,0.05,4000.0,2000.0,1000.0,1
618,257.63,50648.0,14.07,0.5,0.05,4000.0,2000.0,1000.0,1
619,257.63,53628.0,14.9,0.5,0.05,4000.0,2000.0,1000.0,1
620,257.63,56607.0,15.72,0.5,0.05,4000.0,2000.0,1000.0,1
621,257.63,59586.0,16.55,0.5,0.05,4000.0,2000.0,1000.0,1
622,257.63,62566.0,17.38,0.5,0.05,4000.0,2000.0,1000.0,1
623,257.63,65545.0,18.21,0.5,0.05,4000.0,2000.0,1000.0,1
624,257.63,68524.0,19.03,0.5,0.05,4000.0,2000.0,1000.0,1
625,257.63,71503.0,19.86,0.5,0.05,4000.0,2000.0,1000.0,1
626,257.63,74483.0,20.69,0.5,0.05,4000.0,2000.0,1000.0,1
627,257.63,77462.0,21.52,0.5,0.05,4000.0,2000.0,1000.0,1
628,257.63,80441.0,22.34,0.5,0.05,4000.0,2000.0,1000.0,1
629,257.63,83421.0,23.17,0.5,0.05,4000.0,2000.0,1000.0,1
630,257.63,86400.0,24.0,0.5,0.05,4000.0,2000.0,1000.0,1
631,259.36,0.0,0.0,0.5,0.4996,4000.0,2000.0,1000.0,1
632,259.36,2979.0,0.83,0.5,0.4305,4000.0,2000.0,1000.0,1
633,259.36,5959.0,1.66,0.5,0.3709,4000.0,2000.0,1000.0,1
634,259.36,8938.0,2.48,0.5,0.3196,4000.0,2000.0,1000.0,1
635,259.36,11917.0,3.31,0.5,0.2753,4000.0,2000.0,1000.0,1
636,259.36,14897.0,4.14,0.5,0.2372,4000.0,2000.0,1000.0,1
637,259.36,17876.0,4.97,0.5,0.2044,4000.0,2000.0,1000.0,1
638,259.36,20855.0,5.79,0.5,0.1761,4000.0,2000.0,1000.0,1
639,259.36,23834.0,6.62,0.5,0.1517,4000.0,2000.0,1000.0,1
640,259.36,26814.0,7.45,0.5,0.1307,4000.0,2000.0,1000.0,1
641,259.36,29793.0,8.28,0.5,0.1126,4000.0,2000.0,1000.0,1
642,259.36,32772.0,9.1,0.5,0.0971,4000.0,2000.0,1000.0,1
643,259.36,35752.0,9.93,0.5,0.0836,4000.0,2000.0,1000.0,1
644,259.36,38731.0,10.76,0.5,0.072,4000.0,2000.0,1000.0,1
645,259.36,41710.0,11.59,0.5,0.0621,4000.0,2000.0,1000.0,1
646,259.36,44690.0,12.41,0.5,0.0535,4000.0,2000.0,1000.0,1
647,259.36,47669.0,13.24,0.5,0.05,4000.0,2000.0,1000.0,1
648,259.36,50648.0,14.07,0.5,0.05,4000.0,2000.0,1000.0,1
649,259.36,53628.0,14.9,0.5,0.05,4000.0,2000.0,1000.0,1
650,259.36,56607.0,15.72,0.5,0.05,4000.0,2000.0,1000.0,1
651,259.36,59586.0,16.55,0.5,0.05,4000.0,2000.0,1000.0,1
652,259.36,62566.0,17.38,0.5,0.05,4000.0,2000.0,1000.0,1
653,259.36,65545.0,18.21,0.5,0.05,4000.0,2000.0,1000.0,1
654,259.36,68524.0,19.03,0.5,0.05,4000.0,2000.0,1000.0,1
655,259.36,71503.0,19.86,0.5,0.05,4000.0,2000.0,1000.0,1
656,259.36,74483.0,20.69,0.5,0.05,4000.0,2000.0,1000.0,1
657,259.36,77462.0,21.52,0.5,0.05,4000.0,2000.0,1000.0,1
658,259.36,80441.0,22.34,0.5,0.05,4000.0,2000.0,1000.0,1
659,259.36,83421.0,23.17,0.5,0.05,4000.0,2000.0,1000.0,1
660,259.36,86400.0,24.0,0.5,0.05,4000.0,2000.0,1000.0,1
661,261.08,0.0,0.0,0.5,0.4998,4000.0,2000.0,1000.0,1
662,261.08,2979.0,0.83,0.5,0.4306,4000.0,2000.0,1000.0,1
663,261.08,5959.0,1.66,0.5,0.371,4000.0,2000.0,1000.0,1
664,261.08,8938.0,2.48,0.5,0.3197,4000.0,2000.0,1000.0,1
665,261.08,11917.0,3.31,0.5,0.2754,4000.0,2000.0,1000.0,1
666,261.08,14897.0,4.14,0.5,0.2373,4000.0,2000.0,1000.0,1
667,261.08,17876.0,4.97,0.5,0.2045,4000.0,2000.0,1000.0,1
668,261.08,20855.0,5.79,0.5,0.1762,4000.0,2000.0,1000.0,1
669,261.08,23834.0,6.62,0.5,0.1518,4000.0,2000.0,1000.0,1
670,261.08,26814.0,7.45,0.5,0.1308,4000.0,2000.0,1000.0,1
671,261.08,29793.0,8.28,0.5,0.1127,4000.0,2000.0,1000.0,1
672,261.08,32772.0,9.1,0.5,0.0971,4000.0,2000.0,1000.0,1
673,261.08,35752.0,9.93,0.5,0.0836,4000.0,2000.0,1000.0,1
674,261.08,38731.0,10.76,0.5,0.0721,4000.0,2000.0,1000.0,1
675,261.08,41710.0,11.59,0.5,0.0621,4000.0,2000.0,1000.0,1
676,261.08,44690.0,12.41,0.5,0.0535,4000.0,2000.0,1000.0,1
677,261.08,47669.0,13.24,0.5,0.05,4000.0,2000.0,1000.0,1
678,261.08,50648.0,14.07,0.5,0.05,4000.0,2000.0,1000.0,1
679,261.08,53628.0,14.9,0.5,0.05,4000.0,2000.0,1000.0,1
680,261.08,56607.0,15.72,0.5,0.05,4000.0,2000.0,1000.0,1
681,261.08,59586.0,16.55,0.5,0.05,4000.0,2000.0,1000.0,1
682,261.08,62566.0,17.38,0.5,0.05,4000.0,2000.0,1000.0,1
683,261.08,65545.0,18.21,0.5,0.05,4000.0,2000.0,1000.0,1
684,261.08,68524.0,19.03,0.5,0.05,4000.0,2000.0,1000.0,1
685,261.08,71503.0,19.86,0.5,0.05,4000.0,2000.0,1000.0,1
686,261.08,74483.0,20.69,0.5,0.05,4000.0,2000.0,1000.0,1
687,261.08,77462.0,21.52,0.5,0.05,4000.0,2000.0,1000.0,1
688,261.08,80441.0,22.34,0.5,0.05,4000.0,2000.0,1000.0,1
689,261.08,83421.0,23.17,0.5,0.05,4000.0,2000.0,1000.0,1
690,261.08,86400.0,24.0,0.5,0.05,4000.0,2000.0,1000.0,1
691,262.81,0.0,0.0,0.5,0.5,4000.0,2000.0,1000.0,1
692,262.81,2979.0,0.83,0.5,0.4308,4000.0,2000.0,1000.0,1
693,262.81,5959.0,1.66,0.5,0.3712,4000.0,2000.0,1000.0,1
694,262.81,8938.0,2.48,0.5,0.3198,4000.0,2000.0,1000.0,1
695,262.81,11917.0,3.31,0.5,0.2755,4000.0,2000.0,1000.0,1
696,262.81,14897.0,4.14,0.5,0.2374,4000.0,2000.0,1000.0,1
697,262.81,17876.0,4.97,0.5,0.2045,4000.0,2000.0,1000.0,1
698,262.81,20855.0,5.79,0.5,0.1762,4000.0,2000.0,1000.0,1
699,262.81,23834.0,6.62,0.5,0.1518,4000.0,2000.0,1000.0,1
700,262.81,26814.0,7.45,0.5,0.1308,4000.0,2000.0,1000.0,1
701,262.81,29793.0,8.28,0.5,0.1127,4000.0,2000.0,1000.0,1
702,262.81,32772.0,9.1,0.5,0.0971,4000.0,2000.0,1000.0,1
703,262.81,35752.0,9.93,0.5,0.0837,4000.0,2000.0,1000.0,1
704,262.81,38731.0,10.76,0.5,0.0721,4000.0,2000.0,1000.0,1
705,262.81,41710.0,11.59,0.5,0.0621,4000.0,2000.0,1000.0,1
706,262.81,44690.0,12.41,0.5,0.0535,4000.0,2000.0,1000.0,1
707,262.81,47669.0,13.24,0.5,0.05,4000.0,2000.0,1000.0,1
708,262.81,50648.0,14.07,0.5,0.05,4000.0,2000.0,1000.0,1
709,262.81,53628.0,14.9,0.5,0.05,4000.0,2000.0,1000.0,1
710,262.81,56607.0,15.72,0.5,0.05,4000.0,2000.0,1000.0,1
711,262.81,59586.0,16.55,0.5,0.05,4000.0,2000.0,1000.0,1
712,262.81,62566.0,17.38,0.5,0.05,4000.0,2000.0,1000.0,1
713,262.81,65545.0,18.21,0.5,0.05,4000.0,2000.0,1000.0,1
714,262.81,68524.0,19.03,0.5,0.05,4000.0,2000.0,1000.0,1
715,262.81,71503.0,19.86,0.5,0.05,4000.0,2000.0,1000.0,1
716,262.81,74483.0,20.69,0.5,0.05,4000.0,2000.0,1000.0,1
717,262.81,77462.0,21.52,0.5,0.05,4000.0,2000.0,1000.0,1
718,262.81,80441.0,22.34,0.5,0.05,4000.0,2000.0,1000.0,1
719,262.81,83421.0,23.17,0.5,0.05,4000.0,2000.0,1000.0,1
720,262.81,86400.0,24.0,0.5,0.05,4000.0,2000.0,1000.0,1
721,264.53,0.0,0.0,0.5,0.5,4000.0,2000.0,1000.0,1
722,264.53,2979.0,0.83,0.5,0.4309,4000.0,2000.0,1000.0,1
723,264.53,5959.0,1.66,0.5,0.3713,4000.0,2000.0,1000.0,1
724,264.53,8938.0,2.48,0.5,0.3199,4000.0,2000.0,1000.0,1
725,264.53,11917.0,3.31,0.5,0.2756,4000.0,2000.0,1000.0,1
726,264.53,14897.0,4.14,0.5,0.2375,4000.0,2000.0,1000.0,1
727,264.53,17876.0,4.97,0.5,0.2046,4000.0,2000.0,1000.0,1
728,264.53,20855.0,5.79,0.5,0.1763,4000.0,2000.0,1000.0,1
729,264.53,23834.0,6.62,0.5,0.1519,4000.0,2000.0,1000.0,1
730,264.53,26814.0,7.45,0.5,0.1309,4000.0,2000.0,1000.0,1
731,264.53,29793.0,8.28,0.5,0.1128,4000.0,2000.0,1000.0,1
732,264.53,32772.0,9.1,0.5,0.0971,4000.0,2000.0,1000.0,1
733,264.53,35752.0,9.93,0.5,0.0837,4000.0,2000.0,1000.0,1
734,264.53,38731.0,10.76,0.5,0.0721,4000.0,2000.0,1000.0,1
735,264.53,41710.0,11.59,0.5,0.0621,4000.0,2000.0,1000.0,1
736,264.53,44690.0,12.41,0.5,0.0535,4000.0,2000.0,1000.0,1
737,264.53,47669.0,13.24,0.5,0.05,4000.0,2000.0,1000.0,1
738,264.53,50648.0,14.07,0.5,0.05,4000.0,2000.0,1000.0,1
739,264.53,53628.0,14.9,0.5,0.05,4000.0,2000.0,1000.0,1
740,264.53,56607.0,15.72,0.5,0.05,4000.0,2000.0,1000.0,1
741,264.53,59586.0,16.55,0.5,0.05,4000.0,2000.0,1000.0,1
742,264.53,62566.0,17.38,0.5,0.05,4000.0,2000.0,1000.0,1
743,264.53,65545.0,18.21,0.5,0.05,4000.0,2000.0,1000.0,1
744,264.53,68524.0,19.03,0.5,0.05,4000.0,2000.0,1000.0,1
745,264.53,71503.0,19.86,0.5,0.05,4000.0,2000.0,1000.0,1
746,264.53,74483.0,20.69,0.5,0.05,4000.0,2000.0,1000.0,1
747,264.53,77462.0,21.52,0.5,0.05,4000.0,2000.0,1000.0,1
748,264.53,80441.0,22.34,0.5,0.05,4000.0,2000.0,1000.0,1
749,264.53,83421.0,23.17,0.5,0.05,4000.0,2000.0,1000.0,1
750,264.53,86400.0,24.0,0.5,0.05,4000.0,2000.0,1000.0,1
751,266.25,0.0,0.0,0.5,0.5,4000.0,2000.0,1000.0,1
752,266.25,2979.0,0.83,0.5,0.4311,4000.0,2000.0,1000.0,1
753,266.25,5959.0,1.66,0.5,0.3714,4000.0,2000.0,1000.0,1
754,266.25,8938.0,2.48,0.5,0.32,4000.0,2000.0,1000.0,1
755,266.25,11917.0,3.31,0.5,0.2757,4000.0,2000.0,1000.0,1
756,266.25,14897.0,4.14,0.5,0.2375,4000.0,2000.0,1000.0,1
757,266.25,17876.0,4.97,0.5,0.2047,4000.0,2000.0,1000.0,1
758,266.25,20855.0,5.79,0.5,0.1763,4000.0,2000.0,1000.0,1
759,266.25,23834.0,6.62,0.5,0.1519,4000.0,2000.0,1000.0,1
760,266.25,26814.0,7.45,0.5,0.1309,4000.0,2000.0,1000.0,1
761,266.25,29793.0,8.28,0.5,0.1128,4000.0,2000.0,1000.0,1
762,266.25,32772.0,9.1,0.5,0.0972,4000.0,2000.0,1000.0,1
763,266.25,35752.0,9.93,0.5,0.0837,4000.0,2000.0,1000.0,1
764,266.25,38731.0,10.76,0.5,0.0721,4000.0,2000.0,1000.0,1
765,266.25,41710.0,11.59,0.5,0.0622,4000.0,2000.0,1000.0,1
766,266.25,44690.0,12.41,0.5,0.0536,4000.0,2000.0,1000.0,1
767,266.25,47669.0,13.24,0.5,0.05,4000.0,2000.0,1000.0,1
768,266.25,50648.0,14.07,0.5,0.05,4000.0,2000.0,1000.0,1
769,266.25,53628.0,14.9,0.5,0.05,4000.0,2000.0,1000.0,1
770,266.25,56607.0,15.72,0.5,0.05,4000.0,2000.0,1000.0,1
771,266.25,59586.0,16.55,0.5,0.05,4000.0,2000.0,1000.0,1
772,266.25,62566.0,17.38,0.5,0.05,4000.0,2000.0,1000.0,1
773,266.25,65545.0,18.21,0.5,0.05,4000.0,2000.0,1000.0,1
774,266.25,68524.0,19.03,0.5,0.05,4000.0,2000.0,1000.0,1
775,266.25,71503.0,19.86,0.5,0.05,4000.0,2000.0,1000.0,1
776,266.25,74483.0,20.69,0.5,0.05,4000.0,2000.0,1000.0,1
777,266.25,77462.0,21.52,0.5,0.05,4000.0,2000.0,1000.0,1
778,266.25,80441.0,22.34,0.5,0.05,4000.0,2000.0,1000.0,1
779,266.25,83421.0,23.17,0.5,0.05,4000.0,2000.0,1000.0,1
780,266.25,86400.0,24.0,0.5,0.05,4000.0,2000.0,1000.0,1
781,267.98,0.0,0.0,0.5,0.5,4000.0,2000.0,1000.0,1
782,267.98,2979.0,0.83,0.5,0.4312,4000.0,2000.0,1000.0,1
783,267.98,5959.0,1.66,0.5,0.3715,4000.0,2000.0,1000.0,1
784,267.98,8938.0,2.48,0.5,0.3201,4000.0,2000.0,1000.0,1
785,267.98,11917.0,3.31,0.5,0.2758,4000.0,2000.0,1000.0,1
786,267.98,14897.0,4.14,0.5,0.2376,4000.0,2000.0,1000.0,1
787,267.98,17876.0,4.97,0.5,0.2047,4000.0,2000.0,1000.0,1
788,267.98,20855.0,5.79,0.5,0.1764,4000.0,2000.0,1000.0,1
789,267.98,23834.0,6.62,0.5,0.152,4000.0,2000.0,1000.0,1
790,267.98,26814.0,7.45,0.5,0.131,4000.0,2000.0,1000.0,1
791,267.98,29793.0,8.28,0.5,0.1128,4000.0,2000.0,1000.0,1
792,267.98,32772.0,9.1,0.5,0.0972,4000.0,2000.0,1000.0,1
793,267.98,35752.0,9.93,0.5,0.0838,4000.0,2000.0,1000.0,1
794,267.98,38731.0,10.76,0.5,0.0722,4000.0,2000.0,1000.0,1
795,267.98,41710.0,11.59,0.5,0.0622,4000.0,2000.0,1000.0,1
796,267.98,44690.0,12.41,0.5,0.0536,4000.0,2000.0,1000.0,1
797,267.98,47669.0,13.24,0.5,0.05,4000.0,2000.0,1000.0,1
798,267.98,50648.0,14.07,0.5,0.05,4000.0,2000.0,1000.0,1
799,267.98,53628.0,14.9,0.5,0.05,4000.0,2000.0,1000.0,1
800,267.98,56607.0,15.72,0.5,0.05,4000.0,2000.0,1000.0,1
801,267.98,59586.0,16.55,0.5,0.05,4000.0,2000.0,1000.0,1
802,267.98,62566.0,17.38,0.5,0.05,4000.0,2000.0,1000.0,1
803,267.98,65545.0,18.21,0.5,0.05,4000.0,2000.0,1000.0,1
804,267.98,68524.0,19.03,0.5,0.05,4000.0,2000.0,1000.0,1
805,267.98,71503.0,19.86,0.5,0.05,4000.0,2000.0,1000.0,1
806,267.98,74483.0,20.69,0.5,0.05,4000.0,2000.0,1000.0,1
807,267.98,77462.0,21.52,0.5,0.05,4000.0,2000.0,1000.0,1
808,267.98,80441.0,22.34,0.5,0.05,4000.0,2000.0,1000.0,1
809,267.98,83421.0,23.17,0.5,0.05,4000.0,2000.0,1000.0,1
810,267.98,86400.0,24.0,0.5,0.05,4000.0,2000.0,1000.0,1
811,269.7,0.0,0.0,0.5,0.5,4000.0,2000.0,1000.0,1
812,269.7,2979.0,0.83,0.5,0.4313,4000.0,2000.0,1000.0,1
813,269.7,5959.0,1.66,0.5,0.3716,4000.0,2000.0,1000.0,1
814,269.7,8938.0,2.48,0.5,0.3202,4000.0,2000.0,1000.0,1
815,269.7,11917.0,3.31,0.5,0.2759,4000.0,2000.0,1000.0,1
816,269.7,14897.0,4.14,0.5,0.2377,4000.0,2000.0,1000.0,1
817,269.7,17876.0,4.97,0.5,0.2048,4000.0,2000.0,1000.0,1
818,269.7,20855.0,5.79,0.5,0.1765,4000.0,2000.0,1000.0,1
819,269.7,23834.0,6.62,0.5,0.152,4000.0,2000.0,1000.0,1
820,269.7,26814.0,7.45,0.5,0.131,4000.0,2000.0,1000.0,1
821,269.7,29793.0,8.28,0.5,0.1129,4000.0,2000.0,1000.0,1
822,269.7,32772.0,9.1,0.5,0.0972,4000.0,2000.0,1000.0,1
823,269.7,35752.0,9.93,0.5,0.0838,4000.0,2000.0,1000.0,1
824,269.7,38731.0,10.76,0.5,0.0722,4000.0,2000.0,1000.0,1
825,269.7,41710.0,11.59,0.5,0.0622,4000.0,2000.0,1000.0,1
826,269.7,44690.0,12.41,0.5,0.0536,4000.0,2000.0,1000.0,1
827,269.7,47669.0,13.24,0.5,0.05,4000.0,2000.0,1000.0,1
828,269.7,50648.0,14.07,0.5,0.05,4000.0,2000.0,1000.0,1
829,269.7,53628.0,14.9,0.5,0.05,4000.0,2000.0,1000.0,1
830,269.7,56607.0,15.72,0.5,0.05,4000.0,2000.0,1000.0,1
831,269.7,59586.0,16.55,0.5,0.05,4000.0,2000.0,1000.0,1
832,269.7,62566.0,17.38,0.5,0.05,4000.0,2000.0,1000.0,1
833,269.7,65545.0,18.21,0.5,0.05,4000.0,2000.0,1000.0,1
834,269.7,68524.0,19.03,0.5,0.05,4000.0,2000.0,1000.0,1
835,269.7,71503.0,19.86,0.5,0.05,4000.0,2000.0,1000.0,1
836,269.7,74483.0,20.69,0.5,0.05,4000.0,2000.0,1000.0,1
837,269.7,77462.0,21.52,0.5,0.05,4000.0,2000.0,1000.0,1
838,269.7,80441.0,22.34,0.5,0.05,4000.0,2000.0,1000.0,1
839,269.7,83421.0,23.17,0.5,0.05,4000.0,2000.0,1000.0,1
840,269.7,86400.0,24.0,0.5,0.05,4000.0,2000.0,1000.0,1
841,271.43,0.0,0.0,0.5,0.5,4000.0,2000.0,1000.0,1
842,271.43,2979.0,0.83,0.5,0.4315,4000.0,2000.0,1000.0,1
843,271.43,5959.0,1.66,0.5,0.3718,4000.0,2000.0,1000.0,1
844,271.43,8938.0,2.48,0.5,0.3203,4000.0,2000.0,1000.0,1
845,271.43,11917.0,3.31,0.5,0.276,4000.0,2000.0,1000.0,1
846,271.43,14897.0,4.14,0.5,0.2378,4000.0,2000.0,1000.0,1
847,271.43,17876.0,4.97,0.5,0.2049,4000.0,2000.0,1000.0,1
848,271.43,20855.0,5.79,0.5,0.1765,4000.0,2000.0,1000.0,1
849,271.43,23834.0,6.62,0.5,0.1521,4000.0,2000.0,1000.0,1
850,271.43,26814.0,7.45,0.5,0.131,4000.0,2000.0,1000.0,1
851,271.43,29793.0,8.28,0.5,0.1129,4000.0,2000.0,1000.0,1
852,271.43,32772.0,9.1,0.5,0.0973,4000.0,2000.0,1000.0,1
853,271.43,35752.0,9.93,0.5,0.0838,4000.0,2000.0,1000.0,1
854,271.43,38731.0,10.76,0.5,0.0722,4000.0,2000.0,1000.0,1
855,271.43,41710.0,11.59,0.5,0.0622,4000.0,2000.0,1000.0,1
856,271.43,44690.0,12.41,0.5,0.0536,4000.0,2000.0,1000.0,1
857,271.43,47669.0,13.24,0.5,0.05,4000.0,2000.0,1000.0,1
858,271.43,50648.0,14.07,0.5,0.05,4000.0,2000.0,1000.0,1
859,271.43,53628.0,14.9,0.5,0.05,4000.0,2000.0,1000.0,1
860,271.43,56607.0,15.72,0.5,0.05,4000.0,2000.0,1000.0,1
861,271.43,59586.0,16.55,0.5,0.05,4000.0,2000.0,1000.0,1
862,271.43,62566.0,17.38,0.5,0.05,4000.0,2000.0,1000.0,1
863,271.43,65545.0,18.21,0.5,0.05,4000.0,2000.0,1000.0,1
864,271.43,68524.0,19.03,0.5,0.05,4000.0,2000.0,1000.0,1
865,271.43,71503.0,19.86,0.5,0.05,4000.0,2000.0,1000.0,1
866,271.43,74483.0,20.69,0.5,0.05,4000.0,2000.0,1000.0,1
867,271.43,77462.0,21.52,0.5,0.05,4000.0,2000.0,1000.0,1
868,271.43,80441.0,22.34,0.5,0.05,4000.0,2000.0,1000.0,1
869,271.43,83421.0,23.17,0.5,0.05,4000.0,2000.0,1000.0,1
870,271.43,86400.0,24.0,0.5,0.05,4000.0,2000.0,1000.0,1
871,273.15,0.0,0.0,0.5,0.5,4000.0,2000.0,1000.0,1
872,273.15,2979.0,0.83,0.5,0.4316,4000.0,2000.0,1000.0,1
873,273.15,5959.0,1.66,0.5,0.3719,4000.0,2000.0,1000.0,1
874,273.15,8938.0,2.48,0.5,0.3204,4000.0,2000.0,1000.0,1
875,273.15,11917.0,3.31,0.5,0.2761,4000.0,2000.0,1000.0,1
876,273.15,14897.0,4.14,0.5,0.2379,4000.0,2000.0,1000.0,1
877,273.15,17876.0,4.97,0.5,0.2049,4000.0,2000.0,1000.0,1
878,273.15,20855.0,5.79,0.5,0.1766,4000.0,2000.0,1000.0,1
879,273.15,23834.0,6.62,0.5,0.1521,4000.0,2000.0,1000.0,1
880,273.15,26814.0,7.45,0.5,0.1311,4000.0,2000.0,1000.0,1
881,273.15,29793.0,8.28,0.5,0.1129,4000.0,2000.0,1000.0,1
882,273.15,32772.0,9.1,0.5,0.0973,4000.0,2000.0,1000.0,1
883,273.15,35752.0,9.93,0.5,0.0838,4000.0,2000.0,1000.0,1
884,273.15,38731.0,10.76,0.5,0.0722,4000.0,2000.0,1000.0,1
885,273.15,41710.0,11.59,0.5,0.0622,4000.0,2000.0,1000.0,1
886,273.15,44690.0,12.41,0.5,0.0536,4000.0,2000.0,1000.0,1
887,273.15,47669.0,13.24,0.5,0.05,4000.0,2000.0,1000.0,1
888,273.15,50648.0,14.07,0.5,0.05,4000.0,2000.0,1000.0,1
889,273.15,53628.0,14.9,0.5,0.05,4000.0,2000.0,1000.0,1
890,273.15,56607.0,15.72,0.5,0.05,4000.0,2000.0,1000.0,1
891,273.15,59586.0,16.55,0.5,0.05,4000.0,2000.0,1000.0,1
892,273.15,62566.0,17.38,0.5,0.05,4000.0,2000.0,1000.0,1
893,273.15,65545.0,18.21,0.5,0.05,4000.0,2000.0,1000.0,1
894,273.15,68524.0,19.03,0.5,0.05,4000.0,2000.0,1000.0,1
895,273.15,71503.0,19.86,0.5,0.05,4000.0,2000.0,1000.0,1
896,273.15,74483.0,20.69,0.5,0.05,4000.0,2000.0,1000.0,1
897,273.15,77462.0,21.52,0.5,0.05,4000.0,2000.0,1000.0,1
898,273.15,80441.0,22.34,0.5,0.05,4000.0,2000.0,1000.0,1
899,273.15,83421.0,23.17,0.5,0.05,4000.0,2000.0,1000.0,1
900,273.15,86400.0,24.0,0.5,0.05,4000.0,2000.0,1000.0,1
