M[Msun],eta_M,a[m],eta_a,omega[rad/s],eta_omega,rho[kg/m3],eta_rho
1.000000e+00,5.594017e-31,1.000000e+02,5.594017e-42,1.000000e+00,5.594017e-38,1.000000e-15,5.594017e-38
1.151395e+00,4.858468e-31,1.206793e+02,1.431816e-41,1.325711e+00,9.831545e-38,1.757511e-15,9.831545e-38
1.325711e+00,4.219634e-31,1.456348e+02,3.664801e-41,1.757511e+00,1.727904e-37,3.088844e-15,1.727904e-37
1.526418e+00,3.664801e-31,1.757511e+02,9.380233e-41,2.329952e+00,3.036810e-37,5.428675e-15,3.036810e-37
1.757511e+00,3.182921e-31,2.120951e+02,2.400915e-40,3.088844e+00,5.337227e-37,9.540955e-15,5.337227e-37
2.023590e+00,2.764403e-31,2.559548e+02,6.145258e-40,4.094915e+00,9.380233e-37,1.676833e-14,9.380233e-37
2.329952e+00,2.400915e-31,3.088844e+02,1.572908e-39,5.428675e+00,1.648586e-36,2.947052e-14,1.648586e-36
2.682696e+00,2.085222e-31,3.727594e+02,4.025934e-39,7.196857e+00,2.897407e-36,5.179475e-14,2.897407e-36
3.088844e+00,1.811039e-31,4.498433e+02,1.030457e-38,9.540955e+00,5.092224e-36,9.102982e-14,5.092224e-36
3.556480e+00,1.572908e-31,5.428675e+02,2.637504e-38,1.264855e+01,8.949637e-36,1.599859e-13,8.949637e-36
4.094915e+00,1.366089e-31,6.551286e+02,6.750819e-38,1.676833e+01,1.572908e-35,2.811769e-13,1.572908e-35
4.714866e+00,1.186464e-31,7.906043e+02,1.727904e-37,2.222996e+01,2.764403e-35,4.941713e-13,2.764403e-35
5.428675e+00,1.030457e-31,9.540955e+02,4.422654e-37,2.947052e+01,4.858468e-35,8.685114e-13,4.858468e-35
6.250552e+00,8.949637e-32,1.151395e+03,1.132000e-36,3.906940e+01,8.538809e-35,1.526418e-12,8.538809e-35
7.196857e+00,7.772862e-32,1.389495e+03,2.897407e-36,5.179475e+01,1.500705e-34,2.682696e-12,1.500705e-34
8.286428e+00,6.750819e-32,1.676833e+03,7.416052e-36,6.866488e+01,2.637504e-34,4.714866e-12,2.637504e-34
9.540955e+00,5.863163e-32,2.023590e+03,1.898174e-35,9.102982e+01,4.635442e-34,8.286428e-12,4.635442e-34
1.098541e+01,5.092224e-32,2.442053e+03,4.858468e-35,1.206793e+02,8.146839e-34,1.456348e-11,8.146839e-34
1.264855e+01,4.422654e-32,2.947052e+03,1.243548e-34,1.599859e+02,1.431816e-33,2.559548e-11,1.431816e-33
1.456348e+01,3.841126e-32,3.556480e+03,3.182921e-34,2.120951e+02,2.516431e-33,4.498433e-11,2.516431e-33
1.676833e+01,3.336061e-32,4.291934e+03,8.146839e-34,2.811769e+02,4.422654e-33,7.906043e-11,4.422654e-33
1.930698e+01,2.897407e-32,5.179475e+03,2.085222e-33,3.727594e+02,7.772862e-33,1.389495e-10,7.772862e-33
2.222996e+01,2.516431e-32,6.250552e+03,5.337227e-33,4.941713e+02,1.366089e-32,2.442053e-10,1.366089e-32
2.559548e+01,2.185549e-32,7.543120e+03,1.366089e-32,6.551286e+02,2.400915e-32,4.291934e-10,2.400915e-32
2.947052e+01,1.898174e-32,9.102982e+03,3.496570e-32,8.685114e+02,4.219634e-32,7.543120e-10,4.219634e-32
3.393222e+01,1.648586e-32,1.098541e+04,8.949637e-32,1.151395e+03,7.416052e-32,1.325711e-09,7.416052e-32
3.906940e+01,1.431816e-32,1.325711e+04,2.290703e-31,1.526418e+03,1.303379e-31,2.329952e-09,1.303379e-31
4.498433e+01,1.243548e-32,1.599859e+04,5.863163e-31,2.023590e+03,2.290703e-31,4.094915e-09,2.290703e-31
5.179475e+01,1.080036e-32,1.930698e+04,1.500705e-30,2.682696e+03,4.025934e-31,7.196857e-09,4.025934e-31
5.963623e+01,9.380233e-33,2.329952e+04,3.841126e-30,3.556480e+03,7.075622e-31,1.264855e-08,7.075622e-31
6.866488e+01,8.146839e-33,2.811769e+04,9.831545e-30,4.714866e+03,1.243548e-30,2.222996e-08,1.243548e-30
7.906043e+01,7.075622e-33,3.393222e+04,2.516431e-29,6.250552e+03,2.185549e-30,3.906940e-08,2.185549e-30
9.102982e+01,6.145258e-33,4.094915e+04,6.440926e-29,8.286428e+03,3.841126e-30,6.866488e-08,3.841126e-30
1.048113e+02,5.337227e-33,4.941713e+04,1.648586e-28,1.098541e+04,6.750819e-30,1.206793e-07,6.750819e-30
1.206793e+02,4.635442e-33,5.963623e+04,4.219634e-28,1.456348e+04,1.186464e-29,2.120951e-07,1.186464e-29
1.389495e+02,4.025934e-33,7.196857e+04,1.080036e-27,1.930698e+04,2.085222e-29,3.727594e-07,2.085222e-29
1.599859e+02,3.496570e-33,8.685114e+04,2.764403e-27,2.559548e+04,3.664801e-29,6.551286e-07,3.664801e-29
1.842070e+02,3.036810e-33,1.048113e+05,7.075622e-27,3.393222e+04,6.440926e-29,1.151395e-06,6.440926e-29
2.120951e+02,2.637504e-33,1.264855e+05,1.811039e-26,4.498433e+04,1.132000e-28,2.023590e-06,1.132000e-28
2.442053e+02,2.290703e-33,1.526418e+05,4.635442e-26,5.963623e+04,1.989501e-28,3.556480e-06,1.989501e-28
2.811769e+02,1.989501e-33,1.842070e+05,1.186464e-25,7.906043e+04,3.496570e-28,6.250552e-06,3.496570e-28
3.237458e+02,1.727904e-33,2.222996e+05,3.036810e-25,1.048113e+05,6.145258e-28,1.098541e-05,6.145258e-28
3.727594e+02,1.500705e-33,2.682696e+05,7.772862e-25,1.389495e+05,1.080036e-27,1.930698e-05,1.080036e-27
4.291934e+02,1.303379e-33,3.237458e+05,1.989501e-24,1.842070e+05,1.898174e-27,3.393222e-05,1.898174e-27
4.941713e+02,1.132000e-33,3.906940e+05,5.092224e-24,2.442053e+05,3.336061e-27,5.963623e-05,3.336061e-27
5.689866e+02,9.831545e-34,4.714866e+05,1.303379e-23,3.237458e+05,5.863163e-27,1.048113e-04,5.863163e-27
6.551286e+02,8.538809e-34,5.689866e+05,3.336061e-23,4.291934e+05,1.030457e-26,1.842070e-04,1.030457e-26
7.543120e+02,7.416052e-34,6.866488e+05,8.538809e-23,5.689866e+05,1.811039e-26,3.237458e-04,1.811039e-26
8.685114e+02,6.440926e-34,8.286428e+05,2.185549e-22,7.543120e+05,3.182921e-26,5.689866e-04,3.182921e-26
1.000000e+03,5.594017e-34,1.000000e+06,5.594017e-22,1.000000e+06,5.594017e-26,1.000000e-03,5.594017e-26
