課題ID,項目名,内容（物理的ハック）,未済区分,備考（連成・依存関係）
#3001,大気圏再突入熱防御,0.2cから地球大気圏への突入時、CNT装甲が3000℃超の熱に耐えられるか,未済,#1021(光帆構造強度)の延長
#3002,切り離しタイミング,列車編成のどの位置でいつ切り離すか。重心バランス崩壊による制御喪失リスク,未済,#2001(磁気圏テザー)との連成
#3003,個別滑空着陸,各車両が個別に滑空する際の空力制御。車両形状が滑空に適していない,未済,#1005b(エウロパ資源)の3Dプリント設計変更必要
#3004,He3貯蔵タンクの耐衝撃,着陸時の衝撃で液化He3タンクが破損するリスク,未済,#1006c(断熱カプセル)の延長
#3005,核融合炉隣接の安全距離,He3エネルギー基地と核融合炉の安全離隔距離。爆発時の被害想定,未済,都市計画との連成
#3006,地球側の受入インフラ,He3を受け入れるための地上設備の有無。既存インフラの改造コスト,未済,経済性評価
#3007,滑空着陸の航路設定,人口密集地を避けた航路設定。落下リスクの評価,未済,国際法・航空法との整合性
#3008,緊急時破棄シーケンス,着陸失敗時のHe3タンク緊急破棄・拡散防止策,未済,環境影響評価

