課題ID,エネルギー分野,技術・プロジェクト名,緊急度(1-5),想定導入期間,主な利点,課題・リスク,関連する金星融合プロジェクト
E001,航空輸送,持続可能航空燃料(SAF)の普及,5,短期(1-3年),既存インフラ活用可能,原料調達・コスト高,#26テスラ送電連動,maxima,26.04.26
E002,発電,高温ガス炉(HTGR),4,中期(3-7年),高効率・水不要,技術実証・初期投資,#41炉寿命解析,maxima四則演算,26.05.02
E003,分散電源,マイクロ炉(小型モジュール炉),5,短期〜中期(2-5年),設置柔軟・災害耐性,規制・セキュリティ,#28掘削増殖,python,26.04.24
E004,送電,テスラ送電(無線電力伝送),3,長期(5-10年),インフラ不要・柔軟,効率・電磁環境,#26テスラ送電,python,26.04.30
E005,地熱,超臨界地熱発電,4,中期(4-8年),安定基幹電源,掘削技術・リスク,#13地殻安定性,,
E006,核融合,LENR(低エネルギー核反応),2,長期(10年以上),高エネルギー密度,実用化未確定,#13LENRプロセス,,
E007,蓄電,次世代フロー電池,4,中期(3-6年),長時間蓄電・安全,コスト・エネルギー密度,#44煙突発電連動,,
E008,水素,グリーン水素製造・輸送,5,短期〜中期(2-7年),多用途・貯蔵可能,効率・インフラ,全プロジェクト,,
E009,宇宙太陽発電(SBSP),軌道上発電・マイ波送電,1,超長期(15年以上),無尽蔵・昼夜問わず,コスト・技術,#82電磁気干渉解析,,
E010,統合システム,スマートグリッド最適化,5,短期(1-4年),全体効率向上,システム統合,全連成プロジェクト
