課題カテゴリ, 計算テーマ, 計算内容, ツール, 優先度
量子ビット集積化, ナノダイヤモンドアレイの最適配置, NVセンター間の光結合効率を最大化する配置の最適化, Python + Maxima, ◎ 最優先
量子ビット集積化, 光子損失確率の見積もり, ナノダイヤモンドから検出器までの光子伝搬損失を計算, Python, ◎ 最優先
量子ゲート精度, ゲートエラー率のスピン依存性, NVセンターのスピン状態に依存したゲートエラー率の理論計算, Maxima, ◎ 最優先
量子ゲート精度, 表面符号の閾値計算, 誤り訂正に必要な物理量子ビット数と論理量子ビット数の関係, Python, ○ 重要
デコヒーレンス, NVセンターのコヒーレンス時間の温度依存性, 9Kから室温までのコヒーレンス時間の理論曲線, Maxima, ◎ 最優先
デコヒーレンス, 動的デカップリングパルスの最適化, 量子状態を維持するためのパルスシーケンスの最適化, Maxima, ○ 重要
光子検出効率, SNSPDの検出効率の波長依存性, ナノダイヤモンドの発光波長に対する超伝導検出器の効率計算, Python, ◎ 最優先
光子検出効率, 検出器アレイの最適設計, 必要な検出器数と配置の最適化, Python, ○ 重要
量子メモリ, NVセンター電子スピンの記憶時間, スピン-スピン相互作用によるデコヒーレンスの理論限界, Maxima, ○ 重要
量子メモリ, 核スピンを用いた長期記憶の可能性, 炭素13核スピンのコヒーレンス時間の見積もり, Maxima, △ あると良い
冷却システム, 9K冷却に必要な電力, プロキシマbの低温環境を活用した冷却効率の計算, Python, △ 解決済みに近い
冷却システム, 放射冷却パネルのサイズ見積もり, 真空中での放射冷却に必要なパネル面積, Python, △ 解決済みに近い
放射線耐性, フレアによるソフトエラー率, プロキシマbのフレア環境下での量子ビットエラー率の推定, Python, ○ 重要
放射線耐性, 地下基地の遮蔽効果, 地下100mでの放射線低減率の計算, Python, ○ 重要
量子-古典インターフェース, 読み出し時間の理論限界, ホモダイン検出の時間分解能と読み出しエラー率の関係, Maxima, ○ 重要
量子-古典インターフェース, 並列読み出しの最適化, 多数の量子ビットを同時に読み出す際のクロストーク, Python, △ あると良い
AIとの統合, 量子ニューラルネットワークの計算量, 時超えケンタの意思決定に必要な量子演算回数の見積もり, Python, ◎ 最優先
AIとの統合, 量子機械学習の収束速度, 量子勾配降下法の収束速度の理論解析, Maxima, ○ 重要
自己診断, 量子ビット故障検出の感度, 故障した量子ビットを特定するための最小測定回数, Python, ○ 重要
自己修復, 冗長化に必要な量子ビット数, 所定の故障率に対して必要な予備量子ビット数, Python, △ あると良い
長距離量子通信, マイクロスロート経由の量子状態転送, ワームホールを通した量子テレポーテーションの成功確率, Maxima, ◎ 最優先（#4001関連）
長距離量子通信, 量子中継器の必要数, 4.2光年先との量子通信に必要な中継器数の見積もり, Python, ○ 重要
システム統合, 全体の消費電力見積もり, 量子コンピュータ・冷却・検出器・制御システムの総消費電力, Python, ○ 重要
システム統合, 計算能力のスケーリング則, 量子ビット数に対する計算能力の理論曲線, Maxima, △ あると良い

