year,v_exponential,v_logistic,diff_exp_log
0.0,0.99,0.99,0.0
1.0033444816053512,0.9800359194661505,0.8363270291978652,0.14370889026828537
2.0066889632107023,0.9699874528470568,0.703260469070781,0.2667269837762758
3.0100334448160533,0.9598556119522681,0.5885810929671951,0.371274518985073
4.013377926421405,0.9496395157373111,0.49058443518499006,0.459055080552321
5.016722408026756,0.9393428976961818,0.40685405132854086,0.5324888463676409
6.020066889632107,0.9289668515879926,0.33570463136628786,0.5932622202217048
7.023411371237458,0.9185111925987557,0.27576110436410384,0.6427500882346519
8.02675585284281,0.9079796141395267,0.225282033231106,0.6826975809084207
9.03010033444816,0.8973733275494108,0.18304175679007287,0.714331570759338
10.033444816053512,0.8866928345342392,0.14799679499584195,0.7386960395383972
11.036789297658864,0.8759417988777125,0.11894684418736524,0.7569949546903473
12.040133779264213,0.8651215886223776,0.09504148705646323,0.7700801015659144
13.043478260869565,0.8542333713166437,0.07553576310306319,0.7786976082135805
14.046822742474916,0.8432807936420608,0.059641559268413157,0.7836392343736476
15.050167224080267,0.8322654227132734,0.04679821803020745,0.785467204683066
16.05351170568562,0.8211890591548907,0.03650606066878756,0.7846829984861031
17.05685618729097,0.8100553470652836,0.028274268310217163,0.7817810787550664
18.06020066889632,0.7988660978717882,0.021753169585651013,0.7771129282861372
19.06354515050167,0.7876236993782877,0.016628643045367583,0.7709950563329201
20.066889632107024,0.7763318094658176,0.01261211495590405,0.7637196945099135
21.070234113712374,0.764992531473653,0.009498253015753532,0.7554942784578994
22.073578595317727,0.7536087804424036,0.007102593970912901,0.7465061864714907
23.076923076923077,0.7421842460215009,0.005265772399186965,0.7369184736223139
24.080267558528426,0.7307213727539504,0.003874846172360837,0.7268465265815895
25.08361204013378,0.7192235281914665,0.002829040754037275,0.7163944874374293
26.08695652173913,0.7076944530425017,0.0020461418391650482,0.7056483112033366
27.090301003344482,0.6961369832092029,0.0014682819944342976,0.6946687012147686
28.093645484949832,0.6845548487426834,0.0010444886989438346,0.6835103600437396
29.096989966555185,0.6729518615968457,0.0007353771735436544,0.6722164844233021
30.100334448160535,0.6613312990542504,0.0005134961384993317,0.660817802915751
31.103678929765888,0.6496971481604892,0.00035510541685916094,0.64934204274363
32.10702341137124,0.6380533126904387,0.00024279789307429263,0.6378105147973645
33.11036789297659,0.6264035600269512,0.0001645955864433893,0.6262389644405078
34.11371237458194,0.6147520133652307,0.00011038004352710046,0.6146416333217035
35.11705685618729,0.603102688661338,7.310289753240554e-05,0.6030295857638056
36.12040133779264,0.5914598894862497,4.7991172308252324e-05,0.5914118983139415
37.123745819397996,0.5798277395791773,3.1125289390652905e-05,0.5797966142897867
38.12709030100334,0.568210386524395,1.991052146080467e-05,0.5681904760029343
39.130434782608695,0.5566127120570784,1.2623427718638217e-05,0.5566000886293597
40.13377926421405,0.5450386911630737,7.894545611815884e-06,0.5450307966174619
41.137123745819395,0.5334926208068228,4.862642354766563e-06,0.533487758164468
42.14046822742475,0.5219799971472743,2.968579570321281e-06,0.521977028567704
43.1438127090301,0.510504485045101,1.7844058619787167e-06,0.5105027006392391
44.147157190635454,0.4990705880360182,1.054966494637598e-06,0.49906953306952356
45.1505016722408,0.4876843195970419,6.18012403119063e-07,0.48768370158463875
46.15384615384615,0.4763489891863217,3.5579562919317224e-07,0.4763486333906925
47.15719063545151,0.46506937510408297,2.0124371328615977e-07,0.46506917386036967
48.16053511705685,0.4538517326032003,1.1267982455342883e-07,0.45385161992337575
49.163879598662206,0.4426991327371265,6.189029401384043e-08,0.4426990708468325
50.16722408026756,0.4316165976519568,3.3361190425673176e-08,0.4316165642907664
51.17056856187291,0.42061045294337873,1.7781924261052413e-08,0.42061043516145447
52.17391304347826,0.40968352976096384,9.278475813993614e-09,0.409683520482488
53.17725752508361,0.3988410958148638,4.7463683035917215e-09,0.3988410910684955
54.180602006688964,0.38808936442459047,2.3976754223336124e-09,0.388089362026915
55.18394648829432,0.3774309246336061,1.1829670675751532e-09,0.37743092345063906
56.187290969899664,0.366871283700988,5.716429536187084e-10,0.366871283129345
57.19063545150502,0.3564163523580553,2.7235459228035447e-10,0.3564163520857007
58.19397993311037,0.34606847440954874,1.2640251842723648e-10,0.34606847428314624
59.197324414715716,0.33583338204809254,5.741078651119862e-11,0.33583338199068175
60.20066889632107,0.3257164896127523,2.566029833815794e-11,0.325716489587092
61.20401337792642,0.31571989145154133,1.1138858279960613e-11,0.31571989144040247
62.207357859531776,0.30584952082334665,4.7291199594617825e-12,0.30584952081861755
63.21070234113712,0.29611010323879294,1.9712722508254665e-12,0.2961101032368217
64.21404682274247,0.28650347823035094,7.953093361458054e-13,0.28650347822955563
65.21739130434783,0.27703574663757513,3.1374116936722406e-13,0.2770357466372614
66.22073578595318,0.26771075950198064,1.2117342789155169e-13,0.26771075950185946
67.22408026755853,0.25853009511107483,4.511862290115253e-14,0.2585300951110297
68.22742474916387,0.24949997876811114,1.6429922845656518e-14,0.2494999787680947
69.23076923076923,0.24062321405798098,5.837253241502751e-15,0.24062321405797515
70.23411371237458,0.23190111074139785,1.9902855028771168e-15,0.23190111074139586
71.23745819397993,0.22333996623831368,6.642271881617034e-16,0.223339966238313
72.24080267558529,0.21494138244368016,2.1535143485076371e-16,0.21494138244367994
73.24414715719064,0.20670639283925268,6.665131533231323e-17,0.20670639283925263
74.24749163879599,0.1986413062485132,2.0225950592740183e-17,0.19864130624851317
75.25083612040133,0.1907463935069443,5.930914193074876e-18,0.1907463935069443
76.25418060200668,0.18302240414721224,1.6499140650695239e-18,0.18302240414721224
77.25752508361204,0.1754755906720607,4.5134203424898945e-19,0.1754755906720607
78.26086956521739,0.16810479419112667,1.1851253147367046e-19,0.16810479419112667
79.26421404682274,0.16091047341649828,2.93056942133403e-20,0.16091047341649828
80.2675585284281,0.15389875164384184,7.158438835401486e-21,0.15389875164384184
81.27090301003345,0.14706697754898723,1.6643779364549673e-21,0.14706697754898723
82.27424749163879,0.140415313810378,3.612390972909555e-22,0.140415313810378
83.27759197324414,0.1339496787820403,7.797473222157283e-23,0.1339496787820403
84.2809364548495,0.12766590629242555,1.5851242963372068e-23,0.12766590629242555
85.28428093645485,0.12156386039676441,2.976234961799432e-24,0.12156386039676441
86.2876254180602,0.11564917863766468,5.612315937713119e-25,0.11564917863766468
87.29096989966555,0.10991620095614806,9.832892937820961e-26,0.10991620095614806
88.29431438127091,0.10436482202879362,1.5802155127550265e-26,0.10436482202879362
89.29765886287625,0.09899934100285278,2.5550030195269316e-27,0.09899934100285278
90.3010033444816,0.09381365435793781,3.7950447461129367e-28,0.09381365435793781
91.30434782608695,0.08880740695349533,5.13925252948401e-29,0.08880740695349533
92.3076923076923,0.08398336634864116,6.999252716257762e-30,0.08398336634864116
93.31103678929766,0.07933522217305054,8.648215928627252e-31,0.07933522217305054
94.31438127090301,0.07486231300404649,9.684936718053357e-32,0.07486231300404649
95.31772575250837,0.07056589378471434,1.0895499673852513e-32,0.07056589378471434
96.3210702341137,0.06643952308783552,1.0954214470647077e-33,0.06643952308783552
97.32441471571906,0.062482239089769576,9.927458677458868e-35,0.062482239089769576
98.32775919732441,0.05869384975176296,9.018342583062142e-36,0.05869384975176296
99.33110367892976,0.05506786149845753,7.188273654980674e-37,0.05506786149845753
100.33444816053512,0.05160302626626684,5.140741601550888e-38,0.05160302626626684
101.33779264214047,0.048297814783119716,3.671550958013534e-39,0.048297814783119716
102.34113712374582,0.0451457618279286,2.249162181964744e-40,0.0451457618279286
103.34448160535118,0.042145356084025365,1.2321576489439598e-41,0.042145356084025365
104.34782608695652,0.03929388015071038,6.701565746498127e-43,0.03929388015071038
105.35117056856187,0.036584977438220444,3.038320864681146e-44,0.036584977438220444
106.35451505016722,0.03401690519358539,1.2304795042035471e-45,0.03401690519358539
107.35785953177258,0.03158593951381897,4.902875733239738e-47,0.03158593951381897
108.36120401337793,0.029285910419718085,1.5698858011211945e-48,0.029285910419718085
109.36454849498328,0.027114883759128742,4.500224498255537e-50,0.027114883759128742
110.36789297658864,0.025068334663119377,1.2519893223468492e-51,0.025068334663119377
111.37123745819397,0.023140353194680652,2.667441501099152e-53,0.023140353194680652
112.37458193979933,0.02132886081291122,5.125692703931028e-55,0.02132886081291122
113.37792642140468,0.019628751200420673,9.36416917630156e-57,0.019628751200420673
114.38127090301003,0.01803444102841231,1.2273028997134216e-58,0.01803444102841231
115.38461538461539,0.016543759501218176,1.4733826974841264e-60,0.016543759501218176
116.38795986622074,0.015151241704291914,1.629786887111089e-62,0.015151241704291914
117.3913043478261,0.0138516883694382,1.1793652956245526e-64,0.0138516883694382
118.39464882943143,0.012642891349600772,8.041810596454376e-67,0.012642891349600772
119.39799331103679,0.01151924264973715,4.811158097151518e-69,0.01151924264973715
120.40133779264214,0.010475973381726213,1.6404991131135948e-71,0.010475973381726213
121.40468227424749,0.009510893021375783,5.5399176746041085e-74,0.009510893021375783
122.40802675585284,0.008618448724797017,1.514480702751349e-76,0.008618448724797017
123.4113712374582,0.007794335545759908,1.885791346438582e-79,0.007794335545759908
124.41471571906355,0.007036432796227026,2.539987605448765e-82,0.007036432796227026
125.41806020066889,0.006339415210074685,2.3935888897141383e-85,0.006339415210074685
126.42140468227424,0.005699461512449829,6.738281491538682e-89,0.005699461512449829
127.4247491638796,0.005114567581727433,2.4270785829561944e-92,0.005114567581727433
128.42809364548495,0.004579775872887539,4.415610494777303e-96,0.004579775872887539
129.4314381270903,0.004091780648184571,9.007446180766458e-101,0.004091780648184571
130.43478260869566,0.0036486541336028157,2.7104902475419953e-105,0.0036486541336028157
131.438127090301,0.0032459894726719757,1.1599199013556323e-110,0.0032459894726719757
132.44147157190636,0.0028810037151269564,0.0,0.0028810037151269564
133.44481605351172,0.0025517486985256674,0.0,0.0025517486985256674
134.44816053511707,0.0022545605381206536,0.0,0.0022545605381206536
135.45150501672242,0.001987084486680888,0.0,0.001987084486680888
136.45484949832775,0.0017474649355879567,0.0,0.0017474649355879567
137.4581939799331,0.0015327167105205885,0.0,0.0015327167105205885
138.46153846153845,0.0013408887410811489,0.0,0.0013408887410811489
139.4648829431438,0.0011702974121750632,0.0,0.0011702974121750632
140.46822742474916,0.0010185621765068467,0.0,0.0010185621765068467
141.4715719063545,0.0008841021047186525,0.0,0.0008841021047186525
142.47491638795987,0.000765453536622198,0.0,0.000765453536622198
143.47826086956522,0.0006607608477408469,0.0,0.0006607608477408469
144.48160535117057,0.0005687730549838245,0.0,0.0005687730549838245
145.48494983277592,0.0004882669231684437,0.0,0.0004882669231684437
146.48829431438128,0.0004178305726442358,0.0,0.0004178305726442358
147.49163879598663,0.0003564987437480786,0.0,0.0003564987437480786
148.49498327759198,0.00030328693396676693,0.0,0.00030328693396676693
149.49832775919734,0.0002571481421301474,0.0,0.0002571481421301474
150.50167224080266,0.00021735725054217856,0.0,0.00021735725054217856
151.50501672240802,0.00018315060922680188,0.0,0.00018315060922680188
152.50836120401337,0.00015377270236072323,0.0,0.00015377270236072323
153.51170568561872,0.0001286940817399386,0.0,0.0001286940817399386
154.51505016722408,0.0001073438253986217,0.0,0.0001073438253986217
155.51839464882943,8.919233455534599e-05,0.0,8.919233455534599e-05
156.52173913043478,7.386452704976219e-05,0.0,7.386452704976219e-05
157.52508361204013,6.0949179826439095e-05,0.0,6.0949179826439095e-05
158.5284280936455,5.008631982281646e-05,0.0,5.008631982281646e-05
159.53177257525084,4.101860553778505e-05,0.0,4.101860553778505e-05
160.5351170568562,3.3460910693988294e-05,0.0,3.3460910693988294e-05
161.53846153846155,2.7176439043239317e-05,0.0,2.7176439043239317e-05
162.5418060200669,2.199453595496714e-05,0.0,2.199453595496714e-05
163.54515050167225,1.7725113430997306e-05,0.0,1.7725113430997306e-05
164.54849498327758,1.4217729182371371e-05,0.0,1.4217729182371371e-05
165.55183946488293,1.1363228230706084e-05,0.0,1.1363228230706084e-05
166.55518394648828,9.039934423885134e-06,0.0,9.039934423885134e-06
167.55852842809364,7.155737797630028e-06,0.0,7.155737797630028e-06
168.561872909699,5.6434455660706006e-06,0.0,5.6434455660706006e-06
169.56521739130434,4.42840351282061e-06,0.0,4.42840351282061e-06
170.5685618729097,3.4563897141699417e-06,0.0,3.4563897141699417e-06
171.57190635451505,2.6876912898299777e-06,0.0,2.6876912898299777e-06
172.5752508361204,2.0784892452339437e-06,0.0,2.0784892452339437e-06
173.57859531772576,1.5983266490437e-06,0.0,1.5983266490437e-06
174.5819397993311,1.2242574895721868e-06,0.0,1.2242574895721868e-06
175.58528428093646,9.32196371204806e-07,0.0,9.32196371204806e-07
176.58862876254182,7.056418120017296e-07,0.0,7.056418120017296e-07
177.59197324414717,5.318806778335802e-07,0.0,5.318806778335802e-07
178.5953177257525,3.983714224385246e-07,0.0,3.983714224385246e-07
179.59866220735785,2.965515044293485e-07,0.0,2.965515044293485e-07
180.6020066889632,2.1974115074117214e-07,0.0,2.1974115074117214e-07
181.60535117056855,1.6172155882860538e-07,0.0,1.6172155882860538e-07
182.6086956521739,1.1826683133685173e-07,0.0,1.1826683133685173e-07
183.61204013377926,8.605647750821638e-08,0.0,8.605647750821638e-08
184.6153846153846,6.216323001695953e-08,0.0,6.216323001695953e-08
185.61872909698997,4.4609754195155426e-08,0.0,4.4609754195155426e-08
186.62207357859532,3.1838643613143e-08,0.0,3.1838643613143e-08
187.62541806020067,2.2546229541200908e-08,0.0,2.2546229541200908e-08
188.62876254180603,1.585832976147447e-08,0.0,1.585832976147447e-08
189.63210702341138,1.1087792868710657e-08,0.0,1.1087792868710657e-08
190.63545150501673,7.687261257810121e-09,0.0,7.687261257810121e-09
191.63879598662209,5.292904156584438e-09,0.0,5.292904156584438e-09
192.6421404682274,3.6204653796563914e-09,0.0,3.6204653796563914e-09
193.64548494983276,2.4541126545874435e-09,0.0,2.4541126545874435e-09
194.64882943143812,1.6518490671071666e-09,0.0,1.6518490671071666e-09
195.65217391304347,1.103826445507218e-09,0.0,1.103826445507218e-09
196.65551839464882,7.30441899567299e-10,0.0,7.30441899567299e-10
197.65886287625418,4.79943229889661e-10,0.0,4.79943229889661e-10
198.66220735785953,3.128322587791807e-10,0.0,3.128322587791807e-10
199.66555183946488,2.0176837078189076e-10,0.0,2.0176837078189076e-10
200.66889632107024,1.2921641491671527e-10,0.0,1.2921641491671527e-10
201.6722408026756,8.201841199546601e-11,0.0,8.201841199546601e-11
202.67558528428094,5.147038878207006e-11,0.0,5.147038878207006e-11
203.6789297658863,3.207513728480782e-11,0.0,3.207513728480782e-11
204.68227424749165,1.9790643111621952e-11,0.0,1.9790643111621952e-11
205.685618729097,1.2061438166531046e-11,0.0,1.2061438166531046e-11
206.68896321070235,7.301181993784383e-12,0.0,7.301181993784383e-12
207.69230769230768,4.3706662726022775e-12,0.0,4.3706662726022775e-12
208.69565217391303,2.5816848473962216e-12,0.0,2.5816848473962216e-12
209.69899665551839,1.5151774049395098e-12,0.0,1.5151774049395098e-12
210.70234113712374,8.781731961934596e-13,0.0,8.781731961934596e-13
211.7056856187291,5.016529995695716e-13,0.0,5.016529995695716e-13
212.70903010033445,2.8487579430809704e-13,0.0,2.8487579430809704e-13
213.7123745819398,1.594999928914551e-13,0.0,1.594999928914551e-13
214.71571906354515,8.791605721117035e-14,0.0,8.791605721117035e-14
215.7190635451505,4.819820343376043e-14,0.0,4.819820343376043e-14
216.72240802675586,2.6005793589861308e-14,0.0,2.6005793589861308e-14
217.7257525083612,1.3805928750904577e-14,0.0,1.3805928750904577e-14
218.72909698996656,7.284756738293896e-15,0.0,7.284756738293896e-15
219.73244147157192,3.777853054348596e-15,0.0,3.777853054348596e-15
220.73578595317727,1.9267010959362715e-15,0.0,1.9267010959362715e-15
221.7391304347826,9.758297312426038e-16,0.0,9.758297312426038e-16
222.74247491638795,4.850119505693806e-16,0.0,4.850119505693806e-16
223.7458193979933,2.3697034281269526e-16,0.0,2.3697034281269526e-16
224.74916387959865,1.148647505846461e-16,0.0,1.148647505846461e-16
225.752508361204,5.454574806886336e-17,0.0,5.454574806886336e-17
226.75585284280936,2.545526616278064e-17,0.0,2.545526616278064e-17
227.7591973244147,1.1771026231911533e-17,0.0,1.1771026231911533e-17
228.76254180602007,5.3224079953227214e-18,0.0,5.3224079953227214e-18
229.76588628762542,2.3648200033217567e-18,0.0,2.3648200033217567e-18
230.76923076923077,1.039595975301592e-18,0.0,1.039595975301592e-18
231.77257525083613,4.459267479885851e-19,0.0,4.459267479885851e-19
232.77591973244148,1.8797898969769411e-19,0.0,1.8797898969769411e-19
233.77926421404683,7.826212395535782e-20,0.0,7.826212395535782e-20
234.7826086956522,3.1716459091588284e-20,0.0,3.1716459091588284e-20
235.7859531772575,1.2636941701162994e-20,0.0,1.2636941701162994e-20
236.78929765886286,4.9619093868953584e-21,0.0,4.9619093868953584e-21
237.79264214046822,1.8913320045666045e-21,0.0,1.8913320045666045e-21
238.79598662207357,7.093360063602157e-22,0.0,7.093360063602157e-22
239.79933110367892,2.614775835540589e-22,0.0,2.614775835540589e-22
240.80267558528428,9.32800814181896e-23,0.0,9.32800814181896e-23
241.80602006688963,3.278389555081598e-23,0.0,3.278389555081598e-23
242.80936454849498,1.1288290413452482e-23,0.0,1.1288290413452482e-23
243.81270903010034,3.748314089335128e-24,0.0,3.748314089335128e-24
244.8160535117057,1.22852455189034e-24,0.0,1.22852455189034e-24
245.81939799331104,3.9293103010595383e-25,0.0,3.9293103010595383e-25
246.8227424749164,1.2070567493053342e-25,0.0,1.2070567493053342e-25
247.82608695652175,3.669866215512975e-26,0.0,3.669866215512975e-26
248.8294314381271,1.0835867801558067e-26,0.0,1.0835867801558067e-26
249.83277591973243,3.0585637168489067e-27,0.0,3.0585637168489067e-27
250.83612040133778,8.576337581684242e-28,0.0,8.576337581684242e-28
251.83946488294313,2.321711316253802e-28,0.0,2.321711316253802e-28
252.8428093645485,5.975555389344388e-29,0.0,5.975555389344388e-29
253.84615384615384,1.5355953859863576e-29,0.0,1.5355953859863576e-29
254.8494983277592,3.782112818078663e-30,0.0,3.782112818078663e-30
255.85284280936455,8.79958273044424e-31,0.0,8.79958273044424e-31
256.8561872909699,2.05810110942612e-31,0.0,2.05810110942612e-31
257.8595317725752,4.5721487709405426e-32,0.0,4.5721487709405426e-32
258.8628762541806,9.55012195956629e-33,0.0,9.55012195956629e-33
259.86622073578593,2.0116084388694393e-33,0.0,2.0116084388694393e-33
260.8695652173913,3.991619636023866e-34,0.0,3.991619636023866e-34
261.87290969899664,7.427920284086733e-35,0.0,7.427920284086733e-35
262.876254180602,1.3923403538790788e-35,0.0,1.3923403538790788e-35
263.87959866220734,2.4404900292701633e-36,0.0,2.4404900292701633e-36
264.8829431438127,4.0026532856539305e-37,0.0,4.0026532856539305e-37
265.88628762541805,6.601023647150892e-38,0.0,6.601023647150892e-38
266.88963210702343,1.0091169471394359e-38,0.0,1.0091169471394359e-38
267.89297658862876,1.4410125149086343e-39,0.0,1.4410125149086343e-39
268.89632107023414,2.0636880756347514e-40,0.0,2.0636880756347514e-40
269.89966555183946,2.7113827775894957e-41,0.0,2.7113827775894957e-41
270.90301003344484,3.3245371798206864e-42,0.0,3.3245371798206864e-42
271.90635451505017,4.0726826765532424e-43,0.0,4.0726826765532424e-43
272.9096989966555,4.520702038480603e-44,0.0,4.520702038480603e-44
273.9130434782609,4.68401089680768e-45,0.0,4.68401089680768e-45
274.9163879598662,4.823155106300758e-46,0.0,4.823155106300758e-46
275.9197324414716,4.432733307823333e-47,0.0,4.432733307823333e-47
276.9230769230769,3.809832973180465e-48,0.0,3.809832973180465e-48
277.9264214046823,3.230252064215524e-49,0.0,3.230252064215524e-49
278.9297658862876,2.399573996926573e-50,0.0,2.399573996926573e-50
279.933110367893,1.674021354892216e-51,0.0,1.674021354892216e-51
280.9364548494983,1.1404028799477649e-52,0.0,1.1404028799477649e-52
281.9397993311037,6.650325683218535e-54,0.0,6.650325683218535e-54
282.943143812709,3.670115794120577e-55,0.0,3.670115794120577e-55
283.9464882943144,1.9501968552095923e-56,0.0,1.9501968552095923e-56
284.94983277591973,8.612198120820064e-58,0.0,8.612198120820064e-58
285.95317725752506,3.645071253912134e-59,0.0,3.645071253912134e-59
286.95652173913044,1.4567574871061452e-60,0.0,1.4567574871061452e-60
287.95986622073576,4.655184627236917e-62,0.0,4.655184627236917e-62
288.96321070234114,1.4548203637052202e-63,0.0,1.4548203637052202e-63
289.96655518394647,4.177293487647927e-65,0.0,4.177293487647927e-65
290.96989966555185,9.105915257726186e-67,0.0,9.105915257726186e-67
291.9732441471572,2.0038645317330068e-68,0.0,2.0038645317330068e-68
292.97658862876256,3.896588904306642e-70,0.0,3.896588904306642e-70
293.9799331103679,5.350977917281375e-72,0.0,5.350977917281375e-72
294.98327759197326,7.801563450116658e-74,0.0,7.801563450116658e-74
295.9866220735786,9.492182565218139e-76,0.0,9.492182565218139e-76
296.98996655518397,7.33533767046141e-78,0.0,7.33533767046141e-78
297.9933110367893,6.535018779638086e-80,0.0,6.535018779638086e-80
298.9966555183947,4.451763367035252e-82,0.0,4.451763367035252e-82
300.0,1.6294426552759989e-84,0.0,1.6294426552759989e-84
