case_id,direct_irradiance_wpm2,angle_deg,sun_hours,direct_power_w,scatter_power_w,total_power_w,daily_energy_wh,final_soc_wh,battery_empty,pass_target
1,400,0,4,1000.0,180.0,1180.0,4720.0,1079.24,False,0
2,400,0,6,1000.0,180.0,1180.0,7080.0,3250.44,False,0
3,400,0,8,1000.0,180.0,1180.0,9440.0,4736.84,False,1
4,400,0,10,1000.0,180.0,1180.0,11800.0,4736.84,False,1
5,400,0,12,1000.0,180.0,1180.0,14160.0,4736.84,False,1
6,400,30,4,1000.0,180.0,1021.91,4087.64,497.47,False,0
7,400,30,6,1000.0,180.0,1021.91,6131.46,2377.79,False,0
8,400,30,8,1000.0,180.0,1021.91,8175.28,4258.1,False,1
9,400,30,10,1000.0,180.0,1021.91,10219.1,4736.84,False,1
10,400,30,12,1000.0,180.0,1021.91,12262.92,4736.84,False,1
11,400,45,4,1000.0,180.0,834.39,3337.54,0.0,True,0
12,400,45,6,1000.0,180.0,834.39,5006.32,1342.65,False,0
13,400,45,8,1000.0,180.0,834.39,6675.09,2877.92,False,0
14,400,45,10,1000.0,180.0,834.39,8343.86,4413.19,False,1
15,400,45,12,1000.0,180.0,834.39,10012.63,4736.84,False,1
16,400,60,4,1000.0,180.0,590.0,2360.0,0.0,True,0
17,400,60,6,1000.0,180.0,590.0,3540.0,0.0,True,0
18,400,60,8,1000.0,180.0,590.0,4720.0,1079.24,False,0
19,400,60,10,1000.0,180.0,590.0,5900.0,2164.84,False,0
20,400,60,12,1000.0,180.0,590.0,7080.0,3250.44,False,0
21,400,75,4,1000.0,180.0,305.41,1221.63,0.0,True,0
22,400,75,6,1000.0,180.0,305.41,1832.44,0.0,True,0
23,400,75,8,1000.0,180.0,305.41,2443.25,0.0,True,0
24,400,75,10,1000.0,180.0,305.41,3054.06,0.0,True,0
25,400,75,12,1000.0,180.0,305.41,3664.88,108.53,False,0
26,600,0,4,1500.0,270.0,1770.0,7080.0,3250.44,False,0
27,600,0,6,1500.0,270.0,1770.0,10620.0,4736.84,False,1
28,600,0,8,1500.0,270.0,1770.0,14160.0,4736.84,False,1
29,600,0,10,1500.0,270.0,1770.0,17700.0,4736.84,False,1
30,600,0,12,1500.0,270.0,1770.0,21240.0,4736.84,False,1
31,600,30,4,1500.0,270.0,1532.86,6131.46,2377.79,False,0
32,600,30,6,1500.0,270.0,1532.86,9197.19,4736.84,False,1
33,600,30,8,1500.0,270.0,1532.86,12262.92,4736.84,False,1
34,600,30,10,1500.0,270.0,1532.86,15328.65,4736.84,False,1
35,600,30,12,1500.0,270.0,1532.86,18394.38,4736.84,False,1
36,600,45,4,1500.0,270.0,1251.58,5006.32,1342.65,False,0
37,600,45,6,1500.0,270.0,1251.58,7509.47,3645.56,False,1
38,600,45,8,1500.0,270.0,1251.58,10012.63,4736.84,False,1
39,600,45,10,1500.0,270.0,1251.58,12515.79,4736.84,False,1
40,600,45,12,1500.0,270.0,1251.58,15018.95,4736.84,False,1
41,600,60,4,1500.0,270.0,885.0,3540.0,0.0,True,0
42,600,60,6,1500.0,270.0,885.0,5310.0,1622.04,False,0
43,600,60,8,1500.0,270.0,885.0,7080.0,3250.44,False,0
44,600,60,10,1500.0,270.0,885.0,8850.0,4736.84,False,1
45,600,60,12,1500.0,270.0,885.0,10620.0,4736.84,False,1
46,600,75,4,1500.0,270.0,458.11,1832.44,0.0,True,0
47,600,75,6,1500.0,270.0,458.11,2748.66,0.0,True,0
48,600,75,8,1500.0,270.0,458.11,3664.88,108.53,False,0
49,600,75,10,1500.0,270.0,458.11,4581.1,951.45,False,0
50,600,75,12,1500.0,270.0,458.11,5497.32,1794.37,False,0
51,800,0,4,2000.0,360.0,2360.0,9440.0,4736.84,False,1
52,800,0,6,2000.0,360.0,2360.0,14160.0,4736.84,False,1
53,800,0,8,2000.0,360.0,2360.0,18880.0,4736.84,False,1
54,800,0,10,2000.0,360.0,2360.0,23600.0,4736.84,False,1
55,800,0,12,2000.0,360.0,2360.0,28320.0,4736.84,False,1
56,800,30,4,2000.0,360.0,2043.82,8175.28,4258.1,False,1
57,800,30,6,2000.0,360.0,2043.82,12262.92,4736.84,False,1
58,800,30,8,2000.0,360.0,2043.82,16350.56,4736.84,False,1
59,800,30,10,2000.0,360.0,2043.82,20438.2,4736.84,False,1
60,800,30,12,2000.0,360.0,2043.82,24525.84,4736.84,False,1
61,800,45,4,2000.0,360.0,1668.77,6675.09,2877.92,False,0
62,800,45,6,2000.0,360.0,1668.77,10012.63,4736.84,False,1
63,800,45,8,2000.0,360.0,1668.77,13350.18,4736.84,False,1
64,800,45,10,2000.0,360.0,1668.77,16687.72,4736.84,False,1
65,800,45,12,2000.0,360.0,1668.77,20025.26,4736.84,False,1
66,800,60,4,2000.0,360.0,1180.0,4720.0,1079.24,False,0
67,800,60,6,2000.0,360.0,1180.0,7080.0,3250.44,False,0
68,800,60,8,2000.0,360.0,1180.0,9440.0,4736.84,False,1
69,800,60,10,2000.0,360.0,1180.0,11800.0,4736.84,False,1
70,800,60,12,2000.0,360.0,1180.0,14160.0,4736.84,False,1
71,800,75,4,2000.0,360.0,610.81,2443.25,0.0,True,0
72,800,75,6,2000.0,360.0,610.81,3664.88,108.53,False,0
73,800,75,8,2000.0,360.0,610.81,4886.5,1232.43,False,0
74,800,75,10,2000.0,360.0,610.81,6108.13,2356.32,False,0
75,800,75,12,2000.0,360.0,610.81,7329.76,3480.22,False,0
76,1000,0,4,2500.0,450.0,2950.0,11800.0,4736.84,False,1
77,1000,0,6,2500.0,450.0,2950.0,17700.0,4736.84,False,1
78,1000,0,8,2500.0,450.0,2950.0,23600.0,4736.84,False,1
79,1000,0,10,2500.0,450.0,2950.0,29500.0,4736.84,False,1
80,1000,0,12,2500.0,450.0,2950.0,35400.0,4736.84,False,1
81,1000,30,4,2500.0,450.0,2554.77,10219.1,4736.84,False,1
82,1000,30,6,2500.0,450.0,2554.77,15328.65,4736.84,False,1
83,1000,30,8,2500.0,450.0,2554.77,20438.2,4736.84,False,1
84,1000,30,10,2500.0,450.0,2554.77,25547.75,4736.84,False,1
85,1000,30,12,2500.0,450.0,2554.77,30657.3,4736.84,False,1
86,1000,45,4,2500.0,450.0,2085.97,8343.86,4413.19,False,1
87,1000,45,6,2500.0,450.0,2085.97,12515.79,4736.84,False,1
88,1000,45,8,2500.0,450.0,2085.97,16687.72,4736.84,False,1
89,1000,45,10,2500.0,450.0,2085.97,20859.65,4736.84,False,1
90,1000,45,12,2500.0,450.0,2085.97,25031.58,4736.84,False,1
91,1000,60,4,2500.0,450.0,1475.0,5900.0,2164.84,False,0
92,1000,60,6,2500.0,450.0,1475.0,8850.0,4736.84,False,1
93,1000,60,8,2500.0,450.0,1475.0,11800.0,4736.84,False,1
94,1000,60,10,2500.0,450.0,1475.0,14750.0,4736.84,False,1
95,1000,60,12,2500.0,450.0,1475.0,17700.0,4736.84,False,1
96,1000,75,4,2500.0,450.0,763.52,3054.06,0.0,True,0
97,1000,75,6,2500.0,450.0,763.52,4581.1,951.45,False,0
98,1000,75,8,2500.0,450.0,763.52,6108.13,2356.32,False,0
99,1000,75,10,2500.0,450.0,763.52,7635.16,3761.19,False,1
100,1000,75,12,2500.0,450.0,763.52,9162.19,4736.84,False,1
